Sequence Name,Predicted Haplogroup,N,Nph,Nph_tot,Nph_exp,P_Hg,Missing sites
Contig.1,T2b3_151,292,59,59,59,100.000,
Contig.1,T2b3c,292,59,60,60,98.333,Transition(7150)
Contig.1,T2b3d,292,59,61,61,96.721,Transition(199);Transition(14544)
Contig.1,T2b3e,292,58,58,58,100.000,
Contig.1,T2b3,292,58,58,58,100.000,
Contig.1,T2b3b,292,58,59,59,98.305,Transition(13722)
Contig.1,T2b3a,292,58,60,60,96.667,Transition(5656);Transition(16292)
Contig.1,T2b3a1,292,58,63,63,92.063,Insertion(55);Transition(57);Transition(59);Transition(5656);Transition(16292)
Contig.1,T2b,292,57,57,57,100.000,
Contig.1,T2b26,292,57,58,58,98.276,Transition(14180)
Contig.1,T2b4,292,57,58,58,98.276,Transition(9254)
Contig.1,T2b17,292,57,58,58,98.276,Transition(13692)
Contig.1,T2b19,292,57,58,58,98.276,Transversion(13928)
Contig.1,T2b_16362,292,57,58,58,98.276,Transition(16362)
Contig.1,T2b27,292,57,58,58,98.276,Transition(7897)
Contig.1,T2b13,292,57,58,58,98.276,Transition(14861)
Contig.1,T2b_150,292,57,58,58,98.276,Transition(150)
Contig.1,T2b8,292,57,58,58,98.276,Transition(3338)
Contig.1,T2b5,292,57,58,58,98.276,Transition(3826)
Contig.1,T2b7,292,57,58,58,98.276,Transition(9966)
Contig.1,T2b1,292,57,58,58,98.276,Transition(14016)
Contig.1,T2b2,292,57,58,58,98.276,Transversion(11242)
Contig.1,T2b24,292,57,58,58,98.276,Transition(321)
Contig.1,T2b35,292,57,58,58,98.276,Transition(9843)
Contig.1,T2b36,292,57,58,58,98.276,Transition(15758)
Contig.1,T2b37,292,57,58,58,98.276,Transition(14569)
Contig.1,T2b30,292,57,58,58,98.276,Transition(6026)
Contig.1,T2b31,292,57,58,58,98.276,Transition(5811)
Contig.1,T2b5a,292,57,59,59,96.610,Transition(3826);Transition(5201)
Contig.1,T2b7a,292,57,59,59,96.610,Transition(9180);Transition(9966)
Contig.1,T2b16,292,57,59,59,96.610,Transition(634);Transition(16362)
Contig.1,T2b13b,292,57,59,59,96.610,Transition(7269);Transition(14861)
Contig.1,T2b4a,292,57,59,59,96.610,Transition(9254);Transition(16172)
Contig.1,T2b13a,292,57,59,59,96.610,Transition(14861);Transition(16051)
Contig.1,T2b15,292,57,59,59,96.610,Transition(5836);Deletion(8281)
Contig.1,T2b11,292,57,59,59,96.610,Transition(207);Transition(3398)
Contig.1,T2b29,292,57,59,59,96.610,Transition(5483);Transition(8419)
Contig.1,T2b9,292,57,60,60,95.000,Transition(150);Transition(5580);Transition(10559)
Contig.1,T2b4a1,292,57,60,60,95.000,Transition(5527);Transition(9254);Transition(16172)
Contig.1,T2b24a,292,57,60,60,95.000,Transition(321);Transition(5426);Transition(8572)
Contig.1,T2b4i,292,57,60,60,95.000,Transition(8152);Transition(9254);Transition(16218)
Contig.1,T2b23,292,57,60,60,95.000,Transition(12441);Transition(16147);Transition(16297)
Contig.1,T2b19b,292,57,60,60,95.000,Transition(13681);Transversion(13928);Transition(16248)
Contig.1,T2b17a,292,57,60,60,95.000,Transition(4688);Transition(7891);Transition(13692)
Contig.1,T2b5a1,292,57,60,60,95.000,Transition(3826);Transition(5201);Transition(8504)
Contig.1,T2b34,292,57,60,60,95.000,Transition(41);Transition(319);Transition(9861)
Contig.1,T2b32,292,57,60,60,95.000,Transition(1871);Transition(6620);Transition(15884)
Contig.1,T2b33,292,57,60,60,95.000,Transition(385);Transition(1530);Transition(16266)
Contig.1,T2b7a2,292,57,61,61,93.443,Transition(1836);Transition(9180);Transition(9966);Transition(16239)
Contig.1,T2b7a3,292,57,61,61,93.443,Transition(9180);Transition(9966);Transition(11440);Transition(16292)
Contig.1,T2b23a,292,57,61,61,93.443,Transition(9224);Transition(12441);Transition(16147);Transition(16297)
Contig.1,T2b6,292,57,61,61,93.443,Transition(458);Transition(1709);Transition(9300);Transition(11533)
Contig.1,T2b6a,292,57,62,62,91.935,Transition(458);Transition(1709);Transition(9300);Transition(11533);Transition(12007)
Contig.1,T2b_152!,292,56,56,56,100.000,
Contig.1,T2b4_152!,292,56,57,57,98.246,Transition(9254)
Contig.1,T2b2b,292,56,57,57,98.246,Transversion(11242)
Contig.1,T2b28,292,56,57,57,98.246,Transition(11176)
Contig.1,T2b21,292,56,57,57,98.246,Transition(14836)
Contig.1,T2b25,292,56,57,57,98.246,Transition(8934)
Contig.1,T2b4b,292,56,58,58,96.552,Transition(9254);Transition(16104)
Contig.1,T2b4c,292,56,58,58,96.552,Transition(3992);Transition(9254)
Contig.1,T2b4e,292,56,58,58,96.552,Transition(9254);Transition(13743)
Contig.1,T2b4g,292,56,58,58,96.552,Transition(9254);Transition(15445)
Contig.1,T2b4f,292,56,58,58,96.552,Transition(9254);Transition(12172)
Contig.1,T2b4h,292,56,58,58,96.552,Transition(214);Transition(9254)
Contig.1,T2b21b,292,56,58,58,96.552,Transition(14836);Transition(15090)
Contig.1,T2b4d,292,56,58,58,96.552,Transition(8711);Transition(9254)
Contig.1,T2b2b1,292,56,59,59,94.915,Transversion(11242);Transition(12171);Transition(16192)
Contig.1,T2b22,292,56,59,59,94.915,Transition(3820);Transition(12223);Transition(13500)
Contig.1,T2b6_146!,292,56,60,60,93.333,Transition(458);Transition(1709);Transition(9300);Transition(11533)
Contig.1,T2b7a1,292,56,60,60,93.333,Transition(9180);Transition(9966);Transition(13768);Deletion(16257)
Contig.1,T2b21a,292,56,60,60,93.333,Transition(10490);Transition(12557);Transition(14836);Transition(16169)
Contig.1,T2a1a,292,55,58,58,94.828,Transition(7022);Transition(13965);Transition(14687)
Contig.1,T2a1a5,292,55,59,59,93.220,Transition(7022);Transition(13965);Transition(14687);Transition(15935)
Contig.1,T2a1a7,292,55,59,59,93.220,Transition(7022);Transition(7268);Transition(13965);Transition(14687)
Contig.1,T2a1a6,292,55,59,59,93.220,Transition(6425);Transition(7022);Transition(13965);Transition(14687)
Contig.1,T2a1a1,292,55,59,59,93.220,Transition(7022);Transition(8715);Transition(13965);Transition(14687)
Contig.1,T2a1a3,292,55,59,59,93.220,Transition(5498);Transition(7022);Transition(13965);Transition(14687)
Contig.1,T2a1a2,292,55,59,59,93.220,Transition(4688);Transition(7022);Transition(13965);Transition(14687)
Contig.1,T2a1a8,292,55,59,59,93.220,Transition(4931);Transition(7022);Transition(13965);Transition(14687)
Contig.1,T2a1a3a,292,55,60,60,91.667,Transition(4808);Transition(5498);Transition(7022);Transition(13965);Transition(14687)
Contig.1,T2n,292,54,54,54,100.000,
Contig.1,T2,292,54,54,54,100.000,
Contig.1,T2h,292,54,55,55,98.182,Transition(12397)
Contig.1,T2l,292,54,55,55,98.182,Transition(11383)
Contig.1,T2a,292,54,55,55,98.182,Transition(13965)
Contig.1,T2c,292,54,55,55,98.182,Transition(10822)
Contig.1,T2d,292,54,55,55,98.182,Transition(13260)
Contig.1,T2g,292,54,55,55,98.182,Transition(14798)
Contig.1,T2j,292,54,55,55,98.182,Transition(16260)
Contig.1,T2_150,292,54,55,55,98.182,Transition(150)
Contig.1,T2a1,292,54,56,56,96.429,Transition(13965);Transition(14687)
Contig.1,T2e,292,54,56,56,96.429,Transition(150);Transition(16153)
Contig.1,T2h1,292,54,57,57,94.737,Transition(6260);Transition(9234);Transition(12397)
Contig.1,T2i,292,54,57,57,94.737,Transition(8155);Transversion(9422);Transition(16362)
Contig.1,T2a1b,292,54,57,57,94.737,Transition(13965);Transition(14687);Transition(16324)
Contig.1,T2g1,292,54,57,57,94.737,Transition(3834);Transition(14798);Transition(14839)
Contig.1,T2e1,292,54,57,57,94.737,Transition(41);Transition(150);Transition(16153)
Contig.1,T2e2,292,54,57,57,94.737,Transition(150);Transition(9139);Transition(16153)
Contig.1,T2e6,292,54,57,57,94.737,Transition(150);Transition(16153);Transversion(16240)
Contig.1,T2c1,292,54,57,57,94.737,Transition(6261);Transition(10822);Transition(16292)
Contig.1,T2a1b2,292,54,58,58,93.103,Transition(3882);Transition(13965);Transition(14687);Transition(16324)
Contig.1,T2h2,292,54,58,58,93.103,Transition(8041);Transition(12397);Transition(12771);Transition(16172)
Contig.1,T2e2a,292,54,58,58,93.103,Transition(150);Transition(6026);Transition(9139);Transition(16153)
Contig.1,T2g1b,292,54,58,58,93.103,Transition(3834);Transition(14798);Transition(14839);Transition(16051)
Contig.1,T2e1a,292,54,58,58,93.103,Transition(41);Transition(150);Transition(2308);Transition(16153)
Contig.1,T2i1,292,54,58,58,93.103,Transition(8155);Transversion(9422);Transition(16286);Transition(16362)
Contig.1,T2k,292,54,58,58,93.103,Transition(8271);Transition(10446);Transition(11062);Transition(16291)
Contig.1,T2e5,292,54,58,58,93.103,Transition(150);Transition(200);Transition(8230);Transition(16153)
Contig.1,T2e1b,292,54,58,58,93.103,Transition(41);Transition(150);Transition(9181);Transition(16153)
Contig.1,T2g1a,292,54,58,58,93.103,Transition(1977);Transition(3834);Transition(14798);Transition(14839)
Contig.1,T2a1b1,292,54,59,59,91.525,Transition(2141);Transition(13965);Transition(13966);Transition(14687);Transition(16324)
Contig.1,T2c1c,292,54,59,59,91.525,Transition(4823);Transition(6261);Transition(10822);Transition(16146);Transition(16292)
Contig.1,T2m,292,54,59,59,91.525,Transition(150);Transition(153);Transition(8404);Transition(16270);Transition(16357)
Contig.1,T2g2,292,54,59,59,91.525,Transition(507);Transition(1766);Transition(7337);Transition(13834);Transition(14798)
Contig.1,T2e1b1,292,54,59,59,91.525,Transition(41);Transition(150);Transition(9181);Transition(15787);Transition(16153)
Contig.1,T2c1a,292,54,59,59,91.525,Transition(6261);Transition(8455);Transition(10822);Transversion(13973);Transition(16292)
Contig.1,T2a1b2b,292,54,59,59,91.525,Transition(3882);Transition(13965);Transition(14687);Transition(16256);Transition(16324)
Contig.1,T2a1b2a,292,54,59,59,91.525,Transition(3882);Transition(13965);Transition(14687);Transition(15454);Transition(16324)
Contig.1,T2e1a1a,292,54,59,59,91.525,Transition(150);Transition(2308);Transition(15499);Transition(16153);Transition(16192)
Contig.1,T2e1a1,292,54,59,59,91.525,Transition(41);Transition(150);Transition(2308);Transition(15499);Transition(16153)
Contig.1,T2g1a1,292,54,59,59,91.525,Transition(1977);Transition(3834);Transition(14798);Transition(14839);Transition(16148)
Contig.1,T2c1a2,292,54,60,60,90.000,Transition(5817);Transition(6261);Transition(8455);Transition(10822);Transversion(13973);Transition(16292)
Contig.1,T2d2,292,54,60,60,90.000,Transition(5471);Transition(6445);Transition(12408);Transition(13260);Transition(14323);Transition(14605)
Contig.1,T2a1b1a,292,54,60,60,90.000,Transition(2141);Transition(9117);Transition(13965);Transition(13966);Transition(14687);Transition(16324)
Contig.1,T2_16189!,292,53,53,53,100.000,
Contig.1,T2a_195!,292,53,54,54,98.148,Transition(13965)
Contig.1,T2a3,292,53,55,55,96.364,Transition(4464);Transition(13965)
Contig.1,T2f,292,53,55,55,96.364,Transition(8270);Deletion(8281)
Contig.1,T2e_152!,292,53,55,55,96.364,Transition(150);Transition(16153)
Contig.1,T2c1_146!,292,53,56,56,94.643,Transition(6261);Transition(10822);Transition(16292)
Contig.1,T2f4,292,53,56,56,94.643,Transition(6392);Transition(8270);Deletion(8281)
Contig.1,T2f6,292,53,56,56,94.643,Transition(8270);Deletion(8281);Transition(11818)
Contig.1,T2f8,292,53,56,56,94.643,Transition(8270);Deletion(8281);Transition(14118)
Contig.1,T2f7,292,53,56,56,94.643,Transition(8270);Deletion(8281);Transition(10496)
Contig.1,T2a2,292,53,56,56,94.643,Transition(198);Transition(13020);Transition(13965)
Contig.1,T2d1,292,53,56,56,94.643,Transition(5747);Transition(13260);Transition(13708)
Contig.1,T2e7,292,53,56,56,94.643,Transition(150);Transition(3203);Transition(16153)
Contig.1,T2f7a,292,53,57,57,92.982,Transition(8270);Deletion(8281);Transition(10496);Transition(16292)
Contig.1,T2c1e,292,53,57,57,92.982,Transition(6261);Transition(10289);Transition(10822);Transition(16292)
Contig.1,T2c1f,292,53,57,57,92.982,Transition(6261);Transition(10822);Transition(16292);Transition(16438)
Contig.1,T2d1a,292,53,57,57,92.982,Transition(5747);Transition(13260);Transition(13708);Transition(16086)
Contig.1,T2f8a,292,53,57,57,92.982,Transversion(5322);Transition(8270);Deletion(8281);Transition(14118)
Contig.1,T2j1,292,53,57,57,92.982,Transition(4695);Transition(6620);Transition(14040);Transition(16260)
Contig.1,T2a2a,292,53,57,57,92.982,Transition(198);Transition(215);Transition(13020);Transition(13965)
Contig.1,T2f5,292,53,58,58,91.379,Transition(499);Transversion(751);Transition(8270);Deletion(8281);Transition(8419)
Contig.1,T2e1a1b,292,53,58,58,91.379,Transition(41);Transition(150);Transition(2308);Transition(15499);Transition(16153)
Contig.1,T2c1d,292,53,59,59,89.831,Transition(279);Transition(5187);Transition(6261);Transition(7873);Transition(10822);Transition(16292)
Contig.1,T,292,52,52,52,100.000,
Contig.1,T2i2,292,52,55,55,94.545,Transition(8155);Transversion(9422);Transition(16362)
Contig.1,T2f3,292,52,55,55,94.545,Transition(8270);Deletion(8281);Transition(8854)
Contig.1,T2f1,292,52,55,55,94.545,Transversion(6489);Transition(8270);Deletion(8281)
Contig.1,T2f2,292,52,56,56,92.857,Transition(7984);Transition(8270);Deletion(8281);Transition(16140)
Contig.1,T2c1d_152!,292,52,58,58,89.655,Transition(279);Transition(5187);Transition(6261);Transition(7873);Transition(10822);Transition(16292)
Contig.1,T2c1d1,292,52,58,58,89.655,Transition(279);Transition(5187);Transition(6261);Transition(7873);Transition(10822);Transition(16292)
Contig.1,T1,292,51,53,53,96.226,Transversion(12633);Transition(16163)
Contig.1,T1a,292,51,54,54,94.444,Transversion(12633);Transition(16163);Transition(16186)
Contig.1,T1b,292,51,54,54,94.444,Transversion(12633);Transition(16163);Transition(16243)
Contig.1,T1a10,292,51,55,55,92.727,Transversion(12633);Transition(13470);Transition(16163);Transition(16186)
Contig.1,T1b1,292,51,55,55,92.727,Transition(11647);Transversion(12633);Transition(16163);Transition(16243)
Contig.1,T1b3,292,51,55,55,92.727,Transversion(12633);Transition(15853);Transition(16163);Transition(16243)
Contig.1,T1b4,292,51,55,55,92.727,Transition(7310);Transversion(12633);Transition(16163);Transition(16243)
Contig.1,T1a5,292,51,55,55,92.727,Transition(6152);Transversion(12633);Transition(16163);Transition(16186)
Contig.1,T1a8,292,51,55,55,92.727,Transition(4991);Transversion(12633);Transition(16163);Transition(16186)
Contig.1,T1b2,292,51,56,56,91.071,Transition(4739);Transition(9254);Transversion(12633);Transition(16163);Transition(16243)
Contig.1,T1a6,292,51,56,56,91.071,Transition(3867);Transition(10376);Transversion(12633);Transition(16163);Transition(16186)
Contig.1,T1a9,292,51,56,56,91.071,Transversion(12633);Transition(12879);Transition(16163);Transition(16186);Transition(16249)
Contig.1,T1a8b,292,51,57,57,89.474,Transition(4991);Transition(9438);Transversion(12633);Transition(14323);Transition(16163);Transition(16186)
Contig.1,T1a7,292,51,57,57,89.474,Transition(512);Transversion(12633);Transition(14500);Transition(16163);Transition(16186);Transition(16274)
Contig.1,T1a_152!,292,50,53,53,94.340,Transversion(12633);Transition(16163);Transition(16186)
Contig.1,T1a1n,292,50,54,54,92.593,Transition(9899);Transversion(12633);Transition(16163);Transition(16186)
Contig.1,T1a2,292,50,54,54,92.593,Transition(7853);Transversion(12633);Transition(16163);Transition(16186)
Contig.1,T1a12,292,50,55,55,90.909,Transversion(12633);Transition(15884);Transition(16163);Transition(16186);Transition(16355)
Contig.1,T1a4,292,50,55,55,90.909,Transition(7001);Transversion(12633);Transition(16163);Transition(16186);Transition(16263)
Contig.1,T1a8a,292,50,56,56,89.286,Transition(4107);Transition(4991);Transversion(12633);Transition(16163);Transition(16186);Transition(16325)
Contig.1,T1a1'3,292,49,52,52,94.231,Transversion(12633);Transition(16163);Transition(16186)
Contig.1,T1a1_152,292,49,53,53,92.453,Transition(9899);Transversion(12633);Transition(16163);Transition(16186)
Contig.1,T1a13,292,49,53,53,92.453,Transversion(12633);Transition(16163);Transition(16186);Transition(16362)
Contig.1,T1a3,292,49,53,53,92.453,Transition(10321);Transversion(12633);Transition(16163);Transition(16186)
Contig.1,T1a1,292,49,53,53,92.453,Transition(9899);Transversion(12633);Transition(16163);Transition(16186)
Contig.1,T1a1l,292,49,54,54,90.741,Transition(3705);Transition(9899);Transversion(12633);Transition(16163);Transition(16186)
Contig.1,T1a1h,292,49,54,54,90.741,Transition(9899);Transversion(12633);Transition(16163);Transition(16186);Transversion(16269)
Contig.1,T1a1j,292,49,54,54,90.741,Transition(8530);Transition(9899);Transversion(12633);Transition(16163);Transition(16186)
Contig.1,T1a1f,292,49,54,54,90.741,Transition(1503);Transition(9899);Transversion(12633);Transition(16163);Transition(16186)
Contig.1,T1a1g,292,49,54,54,90.741,Transition(9899);Transversion(12633);Transition(15213);Transition(16163);Transition(16186)
Contig.1,T1a1p,292,49,54,54,90.741,Transition(9545);Transition(9899);Transversion(12633);Transition(16163);Transition(16186)
Contig.1,T1a1k,292,49,54,54,90.741,Transition(469);Transition(9899);Transversion(12633);Transition(16163);Transition(16186)
Contig.1,T1a1a,292,49,54,54,90.741,Transition(5558);Transition(9899);Transversion(12633);Transition(16163);Transition(16186)
Contig.1,T1a1q,292,49,54,54,90.741,Transition(9899);Transition(11266);Transversion(12633);Transition(16163);Transition(16186)
Contig.1,T1a3a,292,49,54,54,90.741,Transition(7258);Transition(10321);Transversion(12633);Transition(16163);Transition(16186)
Contig.1,T1a1i,292,49,55,55,89.091,Transversion(3308);Transition(9899);Transition(11944);Transversion(12633);Transition(16163);Transition(16186)
Contig.1,T1a1b,292,49,55,55,89.091,Transition(9899);Transition(10143);Transversion(12633);Transition(14281);Transition(16163);Transition(16186)
Contig.1,T1a1c,292,49,55,55,89.091,Transition(9120);Transition(9899);Transversion(12633);Transition(15965);Transition(16163);Transition(16186)
Contig.1,T1a1a1,292,49,55,55,89.091,Transition(5414);Transition(5558);Transition(9899);Transversion(12633);Transition(16163);Transition(16186)
Contig.1,T1a1k2,292,49,55,55,89.091,Transition(469);Transition(8974);Transition(9899);Transversion(12633);Transition(16163);Transition(16186)
Contig.1,T1a1m,292,49,55,55,89.091,Transition(7783);Transition(9899);Transversion(12633);Transition(16163);Transition(16186);Transition(16325)
Contig.1,T1a1r,292,48,53,53,90.566,Transition(9899);Transversion(12633);Transition(14274);Transition(16163);Transition(16186)
Contig.1,JT,292,42,42,42,100.000,
Contig.1,J,292,41,46,46,89.130,Transition(295);Transition(489);Transition(12612);Transition(13708);Transition(16069)
Contig.1,P,292,39,39,39,100.000,
Contig.1,R2'JT,292,39,39,39,100.000,
Contig.1,P_16176,292,39,40,40,97.500,Transition(16176)
Contig.1,R9,292,39,41,41,95.122,Transition(3970);Transversion(13928)
Contig.1,P2'10,292,39,41,41,95.122,Transition(3882);Transition(16176)
Contig.1,P9,292,39,41,41,95.122,Transversion(3172);Transition(14788)
Contig.1,R9b,292,39,42,42,92.857,Transition(1541);Transition(3970);Transversion(13928)
Contig.1,P9a,292,39,42,42,92.857,Transversion(3172);Transversion(13452);Transition(14788)
Contig.1,R5,292,39,43,43,90.698,Transition(8594);Transition(10754);Transition(14544);Transition(16524)
Contig.1,R0a'b,292,39,43,43,90.698,Transition(64);Transition(73);Transition(11719);Transition(16362)
Contig.1,R,292,38,38,38,100.000,
Contig.1,R30,292,38,39,39,97.436,Transition(8584)
Contig.1,R31,292,38,39,39,97.436,Transition(15884)
Contig.1,R30b,292,38,40,40,95.000,Transition(373);Transition(8584)
Contig.1,R6,292,38,40,40,95.000,Transition(12285);Transition(16362)
Contig.1,R0,292,38,40,40,95.000,Transition(73);Transition(11719)
Contig.1,P4,292,38,40,40,95.000,Transition(1719);Transition(5460)
Contig.1,P6,292,38,40,40,95.000,Transition(6719);Transition(16362)
Contig.1,HV_73!,292,38,40,40,95.000,Transition(11719);Transition(14766)
Contig.1,HV,292,38,41,41,92.683,Transition(73);Transition(11719);Transition(14766)
Contig.1,HV20,292,38,41,41,92.683,Transition(11719);Transition(13866);Transition(14766)
Contig.1,U,292,38,41,41,92.683,Transition(11467);Transition(12308);Transition(12372)
Contig.1,HV13,292,38,42,42,90.476,Transition(73);Transition(11719);Transition(14766);Transition(16357)
Contig.1,HV12,292,38,42,42,90.476,Transition(73);Transition(11719);Transition(13889);Transition(14766)
Contig.1,U2'3'4'7'8'9,292,38,42,42,90.476,Transition(1811);Transition(11467);Transition(12308);Transition(12372)
Contig.1,HV4,292,38,42,42,90.476,Transition(73);Transition(7094);Transition(11719);Transition(14766)
Contig.1,HV21,292,38,42,42,90.476,Transition(73);Transition(11719);Transition(14766);Transition(16169)
Contig.1,R_16189!,292,37,37,37,100.000,
Contig.1,B4'5,292,37,38,38,97.368,Deletion(8281)
Contig.1,R1,292,37,38,38,97.368,Transition(1391)
Contig.1,R11'B6,292,37,38,38,97.368,Transition(12950)
Contig.1,R7,292,37,39,39,94.872,Transition(16319);Transition(16362)
Contig.1,B4,292,37,39,39,94.872,Deletion(8281);Transition(16217)
Contig.1,R12'21,292,37,39,39,94.872,Transition(11404);Transition(16295)
Contig.1,R6_16129!,292,37,39,39,94.872,Transition(12285);Transition(16362)
Contig.1,HV_16311!,292,37,40,40,92.500,Transition(73);Transition(11719);Transition(14766)
Contig.1,HV5,292,37,40,40,92.500,Transition(73);Transition(11719);Transition(14766)
Contig.1,HV2,292,37,40,40,92.500,Transition(11719);Transition(14766);Transition(16217)
Contig.1,B4_16261,292,37,40,40,92.500,Deletion(8281);Transition(16217);Transition(16261)
Contig.1,HV11,292,37,41,41,90.244,Transition(73);Transition(6040);Transition(11719);Transition(14766)
Contig.1,HV10,292,37,41,41,90.244,Transition(73);Transition(11719);Transition(13449);Transition(14766)
Contig.1,HV18,292,37,41,41,90.244,Transition(73);Transition(9039);Transition(11719);Transition(14766)
Contig.1,B5,292,37,41,41,90.244,Deletion(8281);Transition(8584);Transition(9950);Transition(16140)
Contig.1,B4b'd'e'j,292,37,41,41,90.244,Transition(827);Deletion(8281);Transition(15535);Transition(16217)
Contig.1,HV24,292,37,41,41,90.244,Transition(73);Transition(1601);Transition(11719);Transition(14766)
Contig.1,HV16,292,37,41,41,90.244,Transition(73);Transition(11719);Transversion(12492);Transition(14766)
Contig.1,HV9,292,37,41,41,90.244,Transition(73);Transition(8994);Transition(11719);Transition(14766)
Contig.1,HV8,292,37,41,41,90.244,Transition(73);Transition(11719);Transition(14766);Transition(16354)
Contig.1,N2,292,37,41,41,90.244,Transition(189);Transition(5046);Transition(11674);Transition(12414)
Contig.1,HV5a,292,37,41,41,90.244,Transition(73);Transition(11719);Transition(12133);Transition(14766)
Contig.1,HV23,292,37,41,41,90.244,Transition(73);Transition(9548);Transition(11719);Transition(14766)
Contig.1,B4c,292,37,41,41,90.244,Transition(1119);Deletion(8281);Transition(15346);Transition(16217)
Contig.1,B4i,292,37,41,41,90.244,Transition(6302);Deletion(8281);Transition(16217);Transition(16261)
Contig.1,N,292,36,36,36,100.000,
Contig.1,N1'5,292,36,37,37,97.297,Transition(1719)
Contig.1,N11,292,36,37,37,97.297,Transversion(11581)
Contig.1,S,292,36,37,37,97.297,Transition(8404)
Contig.1,N9,292,36,37,37,97.297,Transition(5417)
Contig.1,O,292,36,39,39,92.308,Transition(6755);Transition(9140);Transition(16213)
Contig.1,S1,292,36,39,39,92.308,Transition(8404);Transversion(14384);Transition(16075)
Contig.1,N1,292,36,39,39,92.308,Transition(1719);Transition(10238);Transition(12501)
Contig.1,S2,292,36,40,40,90.000,Transition(2380);Transition(3438);Transition(6167);Transition(8404)
Contig.1,N10,292,36,40,40,90.000,Transition(750);Transition(5581);Transition(16172);Transition(16362)
Contig.1,B4m,292,36,40,40,90.000,Deletion(8281);Transition(16217);Transition(16240);Transition(16261)
Contig.1,HV9_152!,292,36,40,40,90.000,Transition(73);Transition(8994);Transition(11719);Transition(14766)
Contig.1,S_152!,292,35,36,36,97.222,Transition(8404)
Contig.1,X,292,34,38,38,89.474,Transition(6221);Transition(6371);Transition(13966);Transition(14470)
Contig.1,L3a_709,292,33,36,36,91.667,Transition(12816);Transition(15301);Transition(16316)
Contig.1,L3,292,32,33,33,96.970,Transition(15301)
Contig.1,L3b'f,292,32,34,34,94.118,Transition(15301);Deletion(15944)
Contig.1,L3a,292,32,35,35,91.429,Transition(12816);Transition(15301);Transition(16316)
Contig.1,L3h,292,32,35,35,91.429,Transition(7861);Transition(9575);Transition(15301)
Contig.1,L3e'i'k'x,292,32,35,35,91.429,Transition(150);Transition(10819);Transition(15301)
Contig.1,L3c'd,292,30,31,31,96.774,Transition(15301)
Contig.1,L3'4,292,29,30,30,96.667,Transition(15301)
Contig.1,L4,292,28,31,31,90.323,Transition(5460);Transition(15301);Transition(16362)
Contig.1,L3'4'6,292,25,27,27,92.593,Transition(182);Transition(15301)
Contig.1,L2'3'4'6,292,23,25,25,92.000,Transition(182);Transition(15301)
Contig.1,L2'3'4'5'6,292,12,13,13,92.308,Transition(182)
