,RSRS,MHCS,rCRS
146T,yes,,
151T,yes,yes,yes
152T,yes,,
195T,yes,,
247G,yes,,
709A,yes,,yes
769G,yes,,
825T,yes,,
930A,yes,,yes
1018G,yes,,
1888A,yes,,yes
2056A(R),yes,yes,yes
2059T(Y),yes,yes,yes
2080C(Y),yes,yes,yes
2280T(Y),yes,yes,yes
2343A(R),yes,yes,yes
2345A(R),yes,yes,yes
2389T(Y),yes,yes,yes
2392A(W),yes,yes,yes
2404C(Y),yes,yes,yes
2416A(H),yes,yes,yes
2416C(H),yes,yes,yes
2417T(Y),yes,yes,yes
2423T(Y),yes,yes,yes
2426T(Y),yes,yes,yes
2442C(Y),yes,yes,yes
2443T(Y),yes,yes,yes
2445C(Y),yes,yes,yes
2454A(R),yes,yes,yes
2455A(W),yes,yes,yes
2458C(M),yes,yes,yes
2464A(D),yes,yes,yes
2464T(D),yes,yes,yes
2468G(R),yes,yes,yes
2474T(Y),yes,yes,yes
2475A(W),yes,yes,yes
2476T(Y),yes,yes,yes
2478A(R),yes,yes,yes
2479G(S),yes,yes,yes
2480C(V),yes,yes,yes
2480G(V),yes,yes,yes
2483C(Y),yes,yes,yes
2484T(Y),yes,yes,yes
2485A(W),yes,yes,yes
2486C(Y),yes,yes,yes
2487G(R),yes,yes,yes
2488T(Y),yes,yes,yes
2489T(Y),yes,yes,yes
2491T(Y),yes,yes,yes
2492A(D),yes,yes,yes
2492T(D),yes,yes,yes
2494T(Y),yes,yes,yes
2496A(R),yes,yes,yes
2501T(Y),yes,yes,yes
2510C(Y),yes,yes,yes
2514A(M),yes,yes,yes
2518G(R),yes,yes,yes
2521T(W),yes,yes,yes
2523T(Y),yes,yes,yes
2524C(M),yes,yes,yes
2525T(Y),yes,yes,yes
2526T(Y),yes,yes,yes
2530T(W),yes,yes,yes
2531C(Y),yes,yes,yes
2533T(W),yes,yes,yes
2534A(R),yes,yes,yes
2537T(K),yes,yes,yes
2539G(R),yes,yes,yes
2541A(H),yes,yes,yes
2541T(H),yes,yes,yes
2542A(R),yes,yes,yes
2543T(Y),yes,yes,yes
2544G(S),yes,yes,yes
2547T(Y),yes,yes,yes
2550G(R),yes,yes,yes
2555T(Y),yes,yes,yes
2556T(W),yes,yes,yes
2557T(Y),yes,yes,yes
2558G(R),yes,yes,yes
2559C(Y),yes,yes,yes
2560A(R),yes,yes,yes
2563C(Y),yes,yes,yes
2564G(R),yes,yes,yes
2566G(B),yes,yes,yes
2566T(B),yes,yes,yes
2567A(D),yes,yes,yes
2567T(D),yes,yes,yes
2569T(Y),yes,yes,yes
2570T(Y),yes,yes,yes
2571A(R),yes,yes,yes
2572T(Y),yes,yes,yes
2573A(R),yes,yes,yes
2577T(Y),yes,yes,yes
2581G(R),yes,yes,yes
2583A(M),yes,yes,yes
2584A(H),yes,yes,yes
2584T(H),yes,yes,yes
2585A(D),yes,yes,yes
2585T(D),yes,yes,yes
2588T(Y),yes,yes,yes
2589G(R),yes,yes,yes
2592A(D),yes,yes,yes
2592T(D),yes,yes,yes
2600G(R),yes,yes,yes
2604G(R),yes,yes,yes
2612T(Y),yes,yes,yes
2613C(Y),yes,yes,yes
2615C(M),yes,yes,yes
2616G(R),yes,yes,yes
2617C(V),yes,yes,yes
2617G(V),yes,yes,yes
2618C(Y),yes,yes,yes
2622A(R),yes,yes,yes
2623G(R),yes,yes,yes
2625T(Y),yes,yes,yes
2628A(W),yes,yes,yes
2629C(M),yes,yes,yes
2630C(Y),yes,yes,yes
2631A(R),yes,yes,yes
2635T(K),yes,yes,yes
2636A(R),yes,yes,yes
2637A(H),yes,yes,yes
2637T(H),yes,yes,yes
2638C(Y),yes,yes,yes
2639A(M),yes,yes,yes
2640G(B),yes,yes,yes
2640T(B),yes,yes,yes
2641G(R),yes,yes,yes
2642G(B),yes,yes,yes
2642T(B),yes,yes,yes
2643A(R),yes,yes,yes
2645A(R),yes,yes,yes
2647A(V),yes,yes,yes
2647C(V),yes,yes,yes
2659T(Y),yes,yes,yes
2660C(Y),yes,yes,yes
2666C(Y),yes,yes,yes
2667C(Y),yes,yes,yes
2669G(R),yes,yes,yes
2670T(Y),yes,yes,yes
2673A(V),yes,yes,yes
2673C(V),yes,yes,yes
2674G(K),yes,yes,yes
2676C(M),yes,yes,yes
2679C(Y),yes,yes,yes
2680C(Y),yes,yes,yes
2683T(Y),yes,yes,yes
2684G(S),yes,yes,yes
2686A(R),yes,yes,yes
2687T(Y),yes,yes,yes
2688T(Y),yes,yes,yes
2689T(Y),yes,yes,yes
2690A(R),yes,yes,yes
2691C(Y),yes,yes,yes
2695C(S),yes,yes,yes
2699T(Y),yes,yes,yes
2701A(R),yes,yes,yes
2702A(R),yes,yes,yes
2703T(Y),yes,yes,yes
2707G(R),yes,yes,yes
2708A(H),yes,yes,yes
2708T(H),yes,yes,yes
2709C(M),yes,yes,yes
2710A(H),yes,yes,yes
2710T(H),yes,yes,yes
2712A(R),yes,yes,yes
2713T(Y),yes,yes,yes
2718A(H),yes,yes,yes
2718T(H),yes,yes,yes
2719A(D),yes,yes,yes
2719T(D),yes,yes,yes
2724A(R),yes,yes,yes
2726T(Y),yes,yes,yes
2728A(M),yes,yes,yes
2731A(W),yes,yes,yes
2735A(R),yes,yes,yes
2739C(Y),yes,yes,yes
2741G(R),yes,yes,yes
2744C(Y),yes,yes,yes
2750C(B),yes,yes,yes
2750G(B),yes,yes,yes
2751A(R),yes,yes,yes
2758G(R),yes,,
2759C(Y),yes,yes,yes
2762T(Y),yes,yes,yes
2763C(Y),yes,yes,yes
2766T(Y),yes,yes,yes
2769G(R),yes,yes,yes
2770T(Y),yes,yes,yes
2773G(R),yes,yes,yes
2778C(Y),yes,yes,yes
2779T(Y),yes,yes,yes
2784C(M),yes,yes,yes
2788T(Y),yes,yes,yes
2791G(D),yes,yes,yes
2791T(D),yes,yes,yes
2798G(R),yes,yes,yes
2800G(K),yes,yes,yes
2804C(M),yes,yes,yes
2812C(Y),yes,yes,yes
2819A(R),yes,yes,yes
2829T(Y),yes,yes,yes
2831C(B),yes,yes,yes
2831T(B),yes,yes,yes
2834T(Y),yes,yes,yes
2836T(Y),yes,yes,yes
2837G(R),yes,yes,yes
2849A(R),yes,yes,yes
2850C(Y),yes,yes,yes
2857C(Y),yes,yes,yes
2858G(R),yes,yes,yes
2881T(Y),yes,yes,yes
2885T(Y),yes,,
2887C(Y),yes,yes,yes
2888G(R),yes,yes,yes
2889T(Y),yes,yes,yes
2891T(Y),yes,yes,yes
2898C(Y),yes,yes,yes
2906T(Y),yes,yes,yes
2933T(K),yes,yes,yes
3010A(R),yes,yes,yes
3017T(Y),yes,yes,yes
3243G(R),yes,yes,yes
3594C,yes,,
4104A,yes,,
4216C,yes,,yes
4312C,yes,,
4917G,yes,,yes
5147A,yes,,yes
7146A,yes,,
7256C,yes,,
7521G,yes,,
8468C,yes,,
8655C,yes,,
8697A,yes,,yes
8701A,yes,,
9540T,yes,,
10398A,yes,,
10463C,yes,,yes
10547G(S),yes,yes,yes
10586A(R),yes,yes,yes
10589A(R),yes,yes,yes
10601C(Y),yes,yes,yes
10616T(Y),yes,yes,yes
10646A(R),yes,yes,yes
10652C(Y),yes,yes,yes
10653A(R),yes,yes,yes
10664C,yes,,
10670T(Y),yes,yes,yes
10677A(R),yes,yes,yes
10679G(R),yes,yes,yes
10685A(R),yes,yes,yes
10688G(R),yes,,
10715T(Y),yes,yes,yes
10721G(R),yes,yes,yes
10738C(Y),yes,yes,yes
10739C(M),yes,yes,yes
10750G,yes,yes,yes
10774T(Y),yes,yes,yes
10775A(R),yes,yes,yes
10786C(Y),yes,yes,yes
10801A(R),yes,yes,yes
10810T(Y),yes,,
10846T(Y),yes,yes,yes
10866C(Y),yes,yes,yes
10873T(Y),yes,,
10915T,yes,,
11251G,yes,,yes
11812G,yes,,yes
11914G,yes,,
12705C,yes,,
13105A,yes,,
13276A,yes,,
13368A,yes,,yes
13506C,yes,,
13650C,yes,,
14233G,yes,,yes
14905A,yes,,yes
15452A,yes,,yes
15607G,yes,,yes
15928A,yes,,yes
16126C,yes,,yes
16129G,yes,,
16187C,yes,,
16189T,yes,,
16223C,yes,,
16230A,yes,,
16278C,yes,,
16294T,yes,,yes
16296T,yes,,yes
16304C,yes,yes,yes
16311T,yes,,
2758A(R),,yes,yes
2885C(Y),,yes,yes
10688A(R),,yes,yes
10810C(Y),,yes,yes
10873C(Y),,yes,yes
73G,,,yes
263G,,,yes
750G,,,yes
1438G,,,yes
2706G,,,yes
4769G,,,yes
7028T,,,yes
8860G,,,yes
11719A,,,yes
14766T,,,yes
15326G,,,yes
16519C,,,yes
