Sample	Variant Allele	HF	CI_lower;CI_upper	RSRS	MHCS	rCRS	Haplogroup	Other Haplogroups	Locus	Nt Variability	Codon Position	Aa Change	Aa Variability	tRNA Annotation	Disease Score	RNA predictions	MutPred pred	MutPred prob	PolyPhen-2 HumDiv pred	PolyPhen-2 HumDiv prob	PolyPhen-2 HumVar pred	PolyPhen-2 HumVar prob	PANTHER pred	PANTHER prob	PhD-SNP pred	PhD-SNP prob	SNPs&GO pred	SNPs&GO prob	Mitomap Associated Disease(s)	Mitomap Homoplasmy	Mitomap Heteroplasmy	Somatic Mutations	SM Homoplasmy	SM Heteroplasmy	ClinVar	OMIM link	dbSNP ID	Mamit-tRNA link	PhastCons20Way	PhyloP20Way	AC/AN 1000 Genomes	1000 Genomes Homoplasmy	1000 Genomes Heteroplasmy
2052690574-005061_8008990406_S5	2798G	0.041	0.031;0.054	yes	yes	yes			MT-RNR2	6.373421e-09	NA	NA	NA	NA	NA	NA	NA	NA	NA	NA	NA	NA	NA	NA	NA	NA	NA	NA	NA	NA	NA	NA	NA	NA	NA	NA	NA	NA	0.0	-0.599709	NA	NA	NA
2052690574-005061_8008990406_S5	2631A	0.011	0.008;0.016	yes	yes	yes			MT-RNR2	6.373421e-09	NA	NA	NA	NA	NA	NA	NA	NA	NA	NA	NA	NA	NA	NA	NA	NA	NA	NA	NA	NA	NA	NA	NA	NA	NA	NA	NA	NA	0.015748	-0.054748	NA	NA	NA
2052690574-005061_8008990406_S5	2712A	0.057	0.048;0.067	yes	yes	yes			MT-RNR2	6.373421e-09	NA	NA	NA	NA	NA	NA	NA	NA	NA	NA	NA	NA	NA	NA	NA	NA	NA	NA	NA	NA	NA	NA	NA	NA	NA	NA	NA	NA	0.0	-0.872189	NA	NA	NA
2052690574-005061_8008990406_S5	2800G	0.012	0.007;0.02	yes	yes	yes			MT-RNR2	6.373421e-09	NA	NA	NA	NA	NA	NA	NA	NA	NA	NA	NA	NA	NA	NA	NA	NA	NA	NA	NA	NA	NA	NA	NA	NA	NA	NA	NA	NA	0.0	0.0360787	NA	NA	NA
2052690574-005061_8008990406_S5	2679C	0.053	0.045;0.061	yes	yes	yes			MT-RNR2	6.373421e-09	NA	NA	NA	NA	NA	NA	NA	NA	NA	NA	NA	NA	NA	NA	NA	NA	NA	NA	NA	NA	NA	NA	NA	NA	NA	NA	NA	NA	0.858268	0.0360787	NA	NA	NA
2052690574-005061_8008990406_S5	2640T	0.004	0.002;0.006	yes	yes	yes			MT-RNR2	6.373421e-09	NA	NA	NA	NA	NA	NA	NA	NA	NA	NA	NA	NA	NA	NA	NA	NA	NA	NA	NA	NA	NA	NA	NA	NA	NA	NA	NA	NA	0.0	-0.145575	NA	NA	NA
2052690574-005061_8008990406_S5	2640G	0.021	0.017;0.027	yes	yes	yes			MT-RNR2	6.373421e-09	NA	NA	NA	NA	NA	NA	NA	NA	NA	NA	NA	NA	NA	NA	NA	NA	NA	NA	NA	NA	NA	NA	NA	NA	NA	NA	NA	NA	0.0	-0.145575	NA	NA	NA
2052690574-005061_8008990406_S5	2525T	0.055	0.045;0.066	yes	yes	yes			MT-RNR2	6.373421e-09	NA	NA	NA	NA	NA	NA	NA	NA	NA	NA	NA	NA	NA	NA	NA	NA	NA	NA	NA	NA	NA	NA	NA	NA	NA	NA	NA	NA	0.165354	0.671866	NA	NA	NA
2052690574-005061_8008990406_S5	2583A	0.002	0.001;0.005	yes	yes	yes			MT-RNR2	6.373421e-09	NA	NA	NA	NA	NA	NA	NA	NA	NA	NA	NA	NA	NA	NA	NA	NA	NA	NA	NA	NA	NA	NA	NA	NA	NA	NA	NA	NA	0.755906	-0.054748	NA	NA	NA
2052690574-005061_8008990406_S5	2791T	0.005	0.002;0.011	yes	yes	yes			MT-RNR2	6.373421e-09	NA	NA	NA	NA	NA	NA	NA	NA	NA	NA	NA	NA	NA	NA	NA	NA	NA	NA	NA	NA	NA	NA	NA	NA	NA	NA	NA	NA	0.0	-4.50526	NA	NA	NA
2052690574-005061_8008990406_S5	2750G	0.008	0.005;0.014	yes	yes	yes			MT-RNR2	6.373421e-09	NA	NA	NA	NA	NA	NA	NA	NA	NA	NA	NA	NA	NA	NA	NA	NA	NA	NA	NA	NA	NA	NA	NA	NA	NA	NA	NA	NA	0.0	-1.5988	NA	NA	NA
2052690574-005061_8008990406_S5	2616G	0.004	0.002;0.007	yes	yes	yes			MT-RNR2	6.373421e-09	NA	NA	NA	NA	NA	NA	NA	NA	NA	NA	NA	NA	NA	NA	NA	NA	NA	NA	NA	NA	NA	NA	NA	NA	NA	NA	NA	NA	0.0	0.944346	NA	NA	NA
2052690574-005061_8008990406_S5	2718A	0.005	0.003;0.008	yes	yes	yes			MT-RNR2	6.373421e-09	NA	NA	NA	NA	NA	NA	NA	NA	NA	NA	NA	NA	NA	NA	NA	NA	NA	NA	NA	NA	NA	NA	NA	NA	NA	NA	NA	NA	0.858268	-0.054748	NA	NA	NA
2052690574-005061_8008990406_S5	2479G	0.008	0.004;0.015	yes	yes	yes			MT-RNR2	6.373421e-09	NA	NA	NA	NA	NA	NA	NA	NA	NA	NA	NA	NA	NA	NA	NA	NA	NA	NA	NA	NA	NA	NA	NA	NA	NA	NA	NA	NA	0.0551181	0.762693	NA	NA	NA
2052690574-005061_8008990406_S5	2791G	0.023	0.016;0.034	yes	yes	yes			MT-RNR2	6.373421e-09	NA	NA	NA	NA	NA	NA	NA	NA	NA	NA	NA	NA	NA	NA	NA	NA	NA	NA	NA	NA	NA	NA	NA	NA	NA	NA	NA	NA	0.0	-4.50526	NA	NA	NA
2052690574-005061_8008990406_S5	2555T	0.003	0.001;0.006	yes	yes	yes			MT-RNR2	6.373421e-09	NA	NA	NA	NA	NA	NA	NA	NA	NA	NA	NA	NA	NA	NA	NA	NA	NA	NA	NA	NA	NA	NA	NA	NA	NA	NA	NA	NA	0.0	-0.599709	NA	NA	NA
2052690574-005061_8008990406_S5	2604G	0.014	0.01;0.019	yes	yes	yes			MT-RNR2	6.373421e-09	NA	NA	NA	NA	NA	NA	NA	NA	NA	NA	NA	NA	NA	NA	NA	NA	NA	NA	NA	NA	NA	NA	NA	NA	NA	NA	NA	NA	0.976378	0.944346	NA	NA	NA
2052690574-005061_8008990406_S5	2563C	0.084	0.073;0.096	yes	yes	yes			MT-RNR2	6.373421e-09	NA	NA	NA	NA	NA	NA	NA	NA	NA	NA	NA	NA	NA	NA	NA	NA	NA	NA	NA	NA	NA	NA	NA	NA	NA	NA	NA	NA	0.0	-3.32451	NA	NA	NA
2052690574-005061_8008990406_S5	2543T	0.006	0.003;0.01	yes	yes	yes			MT-RNR2	6.373421e-09	NA	NA	NA	NA	NA	NA	NA	NA	NA	NA	NA	NA	NA	NA	NA	NA	NA	NA	NA	NA	NA	NA	NA	NA	NA	NA	NA	NA	0.417323	-0.054748	NA	NA	NA
2052690574-005061_8008990406_S5	2667C	0.12	0.109;0.132	yes	yes	yes			MT-RNR2	6.373421e-09	NA	NA	NA	NA	NA	NA	NA	NA	NA	NA	NA	NA	NA	NA	NA	NA	NA	NA	NA	NA	NA	NA	NA	NA	NA	NA	NA	NA	0.0	-3.32451	NA	NA	NA
2052690574-005061_8008990406_S5	2480G	0.004	0.001;0.009	yes	yes	yes			MT-RNR2	6.373421e-09	NA	NA	NA	NA	NA	NA	NA	NA	NA	NA	NA	NA	NA	NA	NA	NA	NA	NA	NA	NA	NA	NA	NA	NA	NA	NA	NA	NA	0.0629921	0.944346	NA	NA	NA
2052690574-005061_8008990406_S5	2724A	0.011	0.007;0.016	yes	yes	yes			MT-RNR2	6.373421e-09	NA	NA	NA	NA	NA	NA	NA	NA	NA	NA	NA	NA	NA	NA	NA	NA	NA	NA	NA	NA	NA	NA	NA	NA	NA	NA	NA	NA	0.992126	0.85352	NA	NA	NA
2052690574-005061_8008990406_S5	2751A	0.013	0.009;0.019	yes	yes	yes			MT-RNR2	6.373421e-09	NA	NA	NA	NA	NA	NA	NA	NA	NA	NA	NA	NA	NA	NA	NA	NA	NA	NA	NA	NA	NA	NA	NA	NA	NA	NA	NA	NA	0.0	-2.32542	NA	NA	NA
2052690574-005061_8008990406_S5	2629C	0.005	0.003;0.008	yes	yes	yes			MT-RNR2	6.373421e-09	NA	NA	NA	NA	NA	NA	NA	NA	NA	NA	NA	NA	NA	NA	NA	NA	NA	NA	NA	NA	NA	NA	NA	NA	NA	NA	NA	NA	0.00787402	0.944346	NA	NA	NA
2052690574-005061_8008990406_S5	2521T	0.01	0.006;0.015	yes	yes	yes			MT-RNR2	6.373421e-09	NA	NA	NA	NA	NA	NA	NA	NA	NA	NA	NA	NA	NA	NA	NA	NA	NA	NA	NA	NA	NA	NA	NA	NA	NA	NA	NA	NA	0.795276	0.944346	NA	NA	NA
2052690574-005061_8008990406_S5	2474T	0.008	0.004;0.015	yes	yes	yes			MT-RNR2	6.373421e-09	NA	NA	NA	NA	NA	NA	NA	NA	NA	NA	NA	NA	NA	NA	NA	NA	NA	NA	NA	NA	NA	NA	NA	NA	NA	NA	NA	NA	0.015748	-0.599709	NA	NA	NA
2052690574-005061_8008990406_S5	2556T	0.002	0.001;0.005	yes	yes	yes			MT-RNR2	6.373421e-09	NA	NA	NA	NA	NA	NA	NA	NA	NA	NA	NA	NA	NA	NA	NA	NA	NA	NA	NA	NA	NA	NA	NA	NA	NA	NA	NA	NA	0.0	-0.418055	NA	NA	NA
2052690574-005061_8008990406_S5	2480C	0.006	0.003;0.012	yes	yes	yes			MT-RNR2	6.373421e-09	NA	NA	NA	NA	NA	NA	NA	NA	NA	NA	NA	NA	NA	NA	NA	NA	NA	NA	NA	NA	NA	NA	NA	NA	NA	NA	NA	NA	0.0629921	0.944346	NA	NA	NA
2052690574-005061_8008990406_S5	2891T	0.016	0.007;0.033	yes	yes	yes			MT-RNR2	6.373421e-09	NA	NA	NA	NA	NA	NA	NA	NA	NA	NA	NA	NA	NA	NA	NA	NA	NA	NA	NA	NA	NA	NA	NA	NA	NA	NA	NA	NA	0.0	-3.14286	NA	NA	NA
2052690574-005061_8008990406_S5	2475A	0.008	0.004;0.015	yes	yes	yes			MT-RNR2	6.373421e-09	NA	NA	NA	NA	NA	NA	NA	NA	NA	NA	NA	NA	NA	NA	NA	NA	NA	NA	NA	NA	NA	NA	NA	NA	NA	NA	NA	NA	0.015748	-0.508882	NA	NA	NA
2052690574-005061_8008990406_S5	2518G	0.009	0.006;0.015	yes	yes	yes			MT-RNR2	6.373421e-09	NA	NA	NA	NA	NA	NA	NA	NA	NA	NA	NA	NA	NA	NA	NA	NA	NA	NA	NA	NA	NA	NA	NA	NA	NA	NA	NA	NA	0.913386	0.944346	NA	NA	NA
2052690574-005061_8008990406_S5	2531C	0.004	0.002;0.008	yes	yes	yes			MT-RNR2	6.373421e-09	NA	NA	NA	NA	NA	NA	NA	NA	NA	NA	NA	NA	NA	NA	NA	NA	NA	NA	NA	NA	NA	NA	NA	NA	NA	NA	NA	NA	0.566929	0.762693	NA	NA	NA
2052690574-005061_8008990406_S5	2773G	0.016	0.01;0.024	yes	yes	yes			MT-RNR2	6.373421e-09	NA	NA	NA	NA	NA	NA	NA	NA	NA	NA	NA	NA	NA	NA	NA	NA	NA	NA	NA	NA	NA	NA	NA	NA	NA	NA	NA	NA	0.0	-0.327228	NA	NA	NA
2052690574-005061_8008990406_S5	2641G	0.004	0.002;0.007	yes	yes	yes			MT-RNR2	6.373421e-09	NA	NA	NA	NA	NA	NA	NA	NA	NA	NA	NA	NA	NA	NA	NA	NA	NA	NA	NA	NA	NA	NA	NA	NA	NA	NA	NA	NA	0.015748	0.944346	NA	NA	NA
2052690574-005061_8008990406_S5	2559C	0.016	0.011;0.021	yes	yes	yes			MT-RNR2	6.373421e-09	NA	NA	NA	NA	NA	NA	NA	NA	NA	NA	NA	NA	NA	NA	NA	NA	NA	NA	NA	NA	NA	NA	NA	NA	NA	NA	NA	NA	0.0	-4.41443	NA	NA	NA
2052690574-005061_8008990406_S5	2744C	0.072	0.061;0.084	yes	yes	yes			MT-RNR2	6.373421e-09	NA	NA	NA	NA	NA	NA	NA	NA	NA	NA	NA	NA	NA	NA	NA	NA	NA	NA	NA	NA	NA	NA	NA	NA	NA	NA	NA	NA	0.0	-3.05203	NA	NA	NA
2052690574-005061_8008990406_S5	2622A	0.025	0.02;0.031	yes	yes	yes			MT-RNR2	6.373421e-09	NA	NA	NA	NA	NA	NA	NA	NA	NA	NA	NA	NA	NA	NA	NA	NA	NA	NA	NA	NA	NA	NA	NA	NA	NA	NA	NA	NA	0.00787402	0.85352	NA	NA	NA
2052690574-005061_8008990406_S5	2426T	0.018	0.01;0.031	yes	yes	yes			MT-RNR2	6.373421e-09	NA	NA	NA	NA	NA	NA	NA	NA	NA	NA	NA	NA	NA	NA	NA	NA	NA	NA	NA	NA	NA	NA	NA	NA	NA	NA	NA	NA	0.244094	-1.32632	NA	NA	NA
2052690574-005061_8008990406_S5	2691C	0.009	0.006;0.014	yes	yes	yes			MT-RNR2	6.373421e-09	NA	NA	NA	NA	NA	NA	NA	NA	NA	NA	NA	NA	NA	NA	NA	NA	NA	NA	NA	NA	NA	NA	NA	NA	NA	NA	NA	NA	0.0	-0.508882	NA	NA	NA
2052690574-005061_8008990406_S5	2670T	0.079	0.071;0.089	yes	yes	yes			MT-RNR2	6.373421e-09	NA	NA	NA	NA	NA	NA	NA	NA	NA	NA	NA	NA	NA	NA	NA	NA	NA	NA	NA	NA	NA	NA	NA	NA	NA	NA	NA	NA	0.511811	-0.054748	NA	NA	NA
2052690574-005061_8008990406_S5	2533T	0.003	0.001;0.006	yes	yes	yes			MT-RNR2	6.373421e-09	NA	NA	NA	NA	NA	NA	NA	NA	NA	NA	NA	NA	NA	NA	NA	NA	NA	NA	NA	NA	NA	NA	NA	NA	NA	NA	NA	NA	0.590551	-0.054748	NA	NA	NA
2052690574-005061_8008990406_S5	2710A	0.009	0.006;0.013	yes	yes	yes			MT-RNR2	6.373421e-09	NA	NA	NA	NA	NA	NA	NA	NA	NA	NA	NA	NA	NA	NA	NA	NA	NA	NA	NA	NA	NA	NA	NA	NA	NA	NA	NA	NA	0.0	-4.41443	NA	NA	NA
2052690574-005061_8008990406_S5	2770T	0.019	0.013;0.027	yes	yes	yes			MT-RNR2	6.373421e-09	NA	NA	NA	NA	NA	NA	NA	NA	NA	NA	NA	NA	NA	NA	NA	NA	NA	NA	NA	NA	NA	NA	NA	NA	NA	NA	NA	NA	0.0	-1.41715	NA	NA	NA
2052690574-005061_8008990406_S5	2710T	0.025	0.02;0.032	yes	yes	yes			MT-RNR2	6.373421e-09	NA	NA	NA	NA	NA	NA	NA	NA	NA	NA	NA	NA	NA	NA	NA	NA	NA	NA	NA	NA	NA	NA	NA	NA	NA	NA	NA	NA	0.0	-4.41443	NA	NA	NA
2052690574-005061_8008990406_S5	2933T	0.016	0.006;0.039	yes	yes	yes			MT-RNR2	6.373421e-09	NA	NA	NA	NA	NA	NA	NA	NA	NA	NA	NA	NA	NA	NA	NA	NA	NA	NA	NA	NA	NA	NA	NA	NA	NA	NA	NA	NA	0.992126	0.85352	NA	NA	NA
2052690574-005061_8008990406_S5	2659T	0.003	0.002;0.006	yes	yes	yes			MT-RNR2	6.373421e-09	NA	NA	NA	NA	NA	NA	NA	NA	NA	NA	NA	NA	NA	NA	NA	NA	NA	NA	NA	NA	NA	NA	NA	NA	NA	NA	NA	NA	0.0	-0.054748	NA	NA	NA
2052690574-005061_8008990406_S5	2485A	0.01	0.006;0.017	yes	yes	yes			MT-RNR2	6.373421e-09	NA	NA	NA	NA	NA	NA	NA	NA	NA	NA	NA	NA	NA	NA	NA	NA	NA	NA	NA	NA	NA	NA	NA	NA	NA	NA	NA	NA	0.0	-1.96211	NA	NA	NA
2052690574-005061_8008990406_S5	2726T	0.021	0.016;0.027	yes	yes	yes			MT-RNR2	6.373421e-09	NA	NA	NA	NA	NA	NA	NA	NA	NA	NA	NA	NA	NA	NA	NA	NA	NA	NA	NA	NA	NA	NA	NA	NA	NA	NA	NA	NA	0.992126	0.762693	NA	NA	NA
2052690574-005061_8008990406_S5	2547T	0.008	0.005;0.013	yes	yes	yes			MT-RNR2	6.373421e-09	NA	NA	NA	NA	NA	NA	NA	NA	NA	NA	NA	NA	NA	NA	NA	NA	NA	NA	NA	NA	NA	NA	NA	NA	NA	NA	NA	NA	0.401575	0.762693	NA	NA	NA
2052690574-005061_8008990406_S5	2669G	0.006	0.004;0.01	yes	yes	yes			MT-RNR2	6.373421e-09	NA	NA	NA	NA	NA	NA	NA	NA	NA	NA	NA	NA	NA	NA	NA	NA	NA	NA	NA	NA	NA	NA	NA	NA	NA	NA	NA	NA	0.370079	0.944346	NA	NA	NA
2052690574-005061_8008990406_S5	2741G	0.007	0.004;0.012	yes	yes	yes			MT-RNR2	6.373421e-09	NA	NA	NA	NA	NA	NA	NA	NA	NA	NA	NA	NA	NA	NA	NA	NA	NA	NA	NA	NA	NA	NA	NA	NA	NA	NA	NA	NA	0.00787402	0.944346	NA	NA	NA
2052690574-005061_8008990406_S5	2718T	0.024	0.019;0.031	yes	yes	yes			MT-RNR2	6.373421e-09	NA	NA	NA	NA	NA	NA	NA	NA	NA	NA	NA	NA	NA	NA	NA	NA	NA	NA	NA	NA	NA	NA	NA	NA	NA	NA	NA	NA	0.858268	-0.054748	NA	NA	NA
2052690574-005061_8008990406_S5	2569T	0.002	0.001;0.005	yes	yes	yes			MT-RNR2	6.373421e-09	NA	NA	NA	NA	NA	NA	NA	NA	NA	NA	NA	NA	NA	NA	NA	NA	NA	NA	NA	NA	NA	NA	NA	NA	NA	NA	NA	NA	0.0393701	0.762693	NA	NA	NA
2052690574-005061_8008990406_S5	2666C	0.018	0.014;0.023	yes	yes	yes			MT-RNR2	6.373421e-09	NA	NA	NA	NA	NA	NA	NA	NA	NA	NA	NA	NA	NA	NA	NA	NA	NA	NA	NA	NA	NA	NA	NA	NA	NA	NA	NA	NA	0.0	-0.599709	NA	NA	NA
2052690574-005061_8008990406_S5	2423T	0.073	0.056;0.095	yes	yes	yes			MT-RNR2	6.373421e-09	NA	NA	NA	NA	NA	NA	NA	NA	NA	NA	NA	NA	NA	NA	NA	NA	NA	NA	NA	NA	NA	NA	NA	NA	NA	NA	NA	NA	0.259843	0.0360787	NA	NA	NA
2052690574-005061_8008990406_S5	2703T	0.008	0.005;0.012	yes	yes	yes			MT-RNR2	6.373421e-09	NA	NA	NA	NA	NA	NA	NA	NA	NA	NA	NA	NA	NA	NA	NA	NA	NA	NA	NA	NA	NA	NA	NA	NA	NA	NA	NA	NA	0.0	-1.68963	NA	NA	NA
2052690574-005061_8008990406_S5	2494T	0.003	0.001;0.008	yes	yes	yes			MT-RNR2	6.373421e-09	NA	NA	NA	NA	NA	NA	NA	NA	NA	NA	NA	NA	NA	NA	NA	NA	NA	NA	NA	NA	NA	NA	NA	NA	NA	NA	NA	NA	0.897638	0.762693	NA	NA	NA
2052690574-005061_8008990406_S5	2660C	0.026	0.021;0.031	yes	yes	yes			MT-RNR2	6.373421e-09	NA	NA	NA	NA	NA	NA	NA	NA	NA	NA	NA	NA	NA	NA	NA	NA	NA	NA	NA	NA	NA	NA	NA	NA	NA	NA	NA	NA	0.0	0.0360787	NA	NA	NA
2052690574-005061_8008990406_S5	2728A	0.013	0.009;0.018	yes	yes	yes			MT-RNR2	6.373421e-09	NA	NA	NA	NA	NA	NA	NA	NA	NA	NA	NA	NA	NA	NA	NA	NA	NA	NA	NA	NA	NA	NA	NA	NA	NA	NA	NA	NA	0.984252	0.762693	NA	NA	NA
2052690574-005061_8008990406_S5	2059T	0.179	0.079;0.356	yes	yes	yes			MT-RNR2	6.373421e-09	NA	NA	NA	NA	NA	NA	NA	NA	NA	NA	NA	NA	NA	NA	NA	NA	NA	NA	NA	NA	NA	NA	NA	NA	NA	NA	NA	NA	0.0	-2.5979	NA	NA	NA
2052690574-005061_8008990406_S5	2468G	0.009	0.004;0.016	yes	yes	yes			MT-RNR2	6.373421e-09	NA	NA	NA	NA	NA	NA	NA	NA	NA	NA	NA	NA	NA	NA	NA	NA	NA	NA	NA	NA	NA	NA	NA	NA	NA	NA	NA	NA	0.0708661	0.944346	NA	NA	NA
2052690574-005061_8008990406_S5	2812C	0.036	0.026;0.05	yes	yes	yes			MT-RNR2	6.373421e-09	NA	NA	NA	NA	NA	NA	NA	NA	NA	NA	NA	NA	NA	NA	NA	NA	NA	NA	NA	NA	NA	NA	NA	NA	NA	NA	NA	NA	0.519685	0.85352	NA	NA	NA
2052690574-005061_8008990406_S5	2689T	0.027	0.021;0.033	yes	yes	yes			MT-RNR2	6.373421e-09	NA	NA	NA	NA	NA	NA	NA	NA	NA	NA	NA	NA	NA	NA	NA	NA	NA	NA	NA	NA	NA	NA	NA	NA	NA	NA	NA	NA	0.0	-0.145575	NA	NA	NA
2052690574-005061_8008990406_S5	2530T	0.01	0.007;0.016	yes	yes	yes			MT-RNR2	6.373421e-09	NA	NA	NA	NA	NA	NA	NA	NA	NA	NA	NA	NA	NA	NA	NA	NA	NA	NA	NA	NA	NA	NA	NA	NA	NA	NA	NA	NA	0.527559	0.85352	NA	NA	NA
2052690574-005061_8008990406_S5	2699T	0.006	0.003;0.009	yes	yes	yes			MT-RNR2	6.373421e-09	NA	NA	NA	NA	NA	NA	NA	NA	NA	NA	NA	NA	NA	NA	NA	NA	NA	NA	NA	NA	NA	NA	NA	NA	NA	NA	NA	NA	0.0	-0.145575	NA	NA	NA
2052690574-005061_8008990406_S5	2455A	0.005	0.002;0.013	yes	yes	yes			MT-RNR2	6.373421e-09	NA	NA	NA	NA	NA	NA	NA	NA	NA	NA	NA	NA	NA	NA	NA	NA	NA	NA	NA	NA	NA	NA	NA	NA	NA	NA	NA	NA	0.0	0.0360787	NA	NA	NA
2052690574-005061_8008990406_S5	2488T	0.02	0.014;0.029	yes	yes	yes			MT-RNR2	6.373421e-09	NA	NA	NA	NA	NA	NA	NA	NA	NA	NA	NA	NA	NA	NA	NA	NA	NA	NA	NA	NA	NA	NA	NA	NA	NA	NA	NA	NA	0.385827	-0.054748	NA	NA	NA
2052690574-005061_8008990406_S5	2476T	0.009	0.005;0.016	yes	yes	yes			MT-RNR2	6.373421e-09	NA	NA	NA	NA	NA	NA	NA	NA	NA	NA	NA	NA	NA	NA	NA	NA	NA	NA	NA	NA	NA	NA	NA	NA	NA	NA	NA	NA	0.015748	-0.599709	NA	NA	NA
2052690574-005061_8008990406_S5	2676C	0.026	0.021;0.032	yes	yes	yes			MT-RNR2	6.373421e-09	NA	NA	NA	NA	NA	NA	NA	NA	NA	NA	NA	NA	NA	NA	NA	NA	NA	NA	NA	NA	NA	NA	NA	NA	NA	NA	NA	NA	0.92126	0.944346	NA	NA	NA
2052690574-005061_8008990406_S5	2600G	0.018	0.014;0.024	yes	yes	yes			MT-RNR2	6.373421e-09	NA	NA	NA	NA	NA	NA	NA	NA	NA	NA	NA	NA	NA	NA	NA	NA	NA	NA	NA	NA	NA	NA	NA	NA	NA	NA	NA	NA	0.992126	0.944346	NA	NA	NA
2052690574-005061_8008990406_S5	2458C	0.053	0.041;0.069	yes	yes	yes			MT-RNR2	6.373421e-09	NA	NA	NA	NA	NA	NA	NA	NA	NA	NA	NA	NA	NA	NA	NA	NA	NA	NA	NA	NA	NA	NA	NA	NA	NA	NA	NA	NA	0.0	-0.327228	NA	NA	NA
2052690574-005061_8008990406_S5	2615C	0.004	0.002;0.007	yes	yes	yes			MT-RNR2	6.373421e-09	NA	NA	NA	NA	NA	NA	NA	NA	NA	NA	NA	NA	NA	NA	NA	NA	NA	NA	NA	NA	NA	NA	NA	NA	NA	NA	NA	NA	0.0	0.0360787	NA	NA	NA
2052690574-005061_8008990406_S5	2514A	0.011	0.007;0.017	yes	yes	yes			MT-RNR2	6.373421e-09	NA	NA	NA	NA	NA	NA	NA	NA	NA	NA	NA	NA	NA	NA	NA	NA	NA	NA	NA	NA	NA	NA	NA	NA	NA	NA	NA	NA	0.984252	0.762693	NA	NA	NA
2052690574-005061_8008990406_S5	2539G	0.004	0.002;0.008	yes	yes	yes			MT-RNR2	6.373421e-09	NA	NA	NA	NA	NA	NA	NA	NA	NA	NA	NA	NA	NA	NA	NA	NA	NA	NA	NA	NA	NA	NA	NA	NA	NA	NA	NA	NA	0.590551	0.944346	NA	NA	NA
2052690574-005061_8008990406_S5	2489T	0.006	0.003;0.013	yes	yes	yes			MT-RNR2	6.373421e-09	NA	NA	NA	NA	NA	NA	NA	NA	NA	NA	NA	NA	NA	NA	NA	NA	NA	NA	NA	NA	NA	NA	NA	NA	NA	NA	NA	NA	0.574803	0.762693	NA	NA	NA
2052690574-005061_8008990406_S5	2739C	0.008	0.005;0.013	yes	yes	yes			MT-RNR2	6.373421e-09	NA	NA	NA	NA	NA	NA	NA	NA	NA	NA	NA	NA	NA	NA	NA	NA	NA	NA	NA	NA	NA	NA	NA	NA	NA	NA	NA	NA	0.0	-5.95849	NA	NA	NA
2052690574-005061_8008990406_S5	2750C	0.022	0.017;0.03	yes	yes	yes			MT-RNR2	6.373421e-09	NA	NA	NA	NA	NA	NA	NA	NA	NA	NA	NA	NA	NA	NA	NA	NA	NA	NA	NA	NA	NA	NA	NA	NA	NA	NA	NA	NA	0.0	-1.5988	NA	NA	NA
2052690574-005061_8008990406_S5	2788T	0.017	0.011;0.026	yes	yes	yes			MT-RNR2	8.86e-09	NA	NA	NA	NA	NA	NA	NA	NA	NA	NA	NA	NA	NA	NA	NA	NA	NA	NA	NA	NA	NA	NA	NA	NA	NA	NA	rs386828895	NA	0.0	-8.37621	0.000413223140496	N	Y
2052690574-005061_8008990406_S5	2612T	0.015	0.011;0.02	yes	yes	yes			MT-RNR2	8.86e-09	NA	NA	NA	NA	NA	NA	NA	NA	NA	NA	NA	NA	NA	NA	NA	NA	NA	NA	NA	NA	NA	NA	NA	NA	NA	NA	rs28603043	NA	0.0	-0.289205	NA	NA	NA
2052690574-005061_8008990406_S5	10738C	0.008	0.003;0.02	yes	yes	yes			MT-ND4L	8.86e-09	2	V90A	0.0039	NA	0.44	NA	low pathogenicity	0.588	possibly damaging	0.471	benign	0.314	Disease	0.502	Neutral	0.481	Neutral	0.362	NA	NA	NA	NA	NA	NA	NA	NA	NA	NA	0.913386	5.89796	NA	NA	NA
2052690574-005061_8008990406_S5	2577T	0.087	0.076;0.098	yes	yes	yes			MT-RNR2	3.204244e-06	NA	NA	NA	NA	NA	NA	NA	NA	NA	NA	NA	NA	NA	NA	NA	NA	NA	NA	NA	NA	NA	NA	NA	NA	NA	NA	NA	NA	0.566929	-0.054748	NA	NA	NA
2052690574-005061_8008990406_S5	2550G	0.044	0.036;0.053	yes	yes	yes			MT-RNR2	4.328982e-06	NA	NA	NA	NA	NA	NA	NA	NA	NA	NA	NA	NA	NA	NA	NA	NA	NA	NA	NA	NA	NA	NA	NA	NA	NA	NA	NA	NA	0.023622	-1.5988	NA	NA	NA
2052690574-005061_8008990406_S5	2464T	0.005	0.002;0.011	yes	yes	yes			MT-RNR2	8.086906e-06	NA	NA	NA	NA	NA	NA	NA	NA	NA	NA	NA	NA	NA	NA	NA	NA	NA	NA	NA	NA	NA	NA	NA	NA	NA	NA	NA	NA	0.00787402	0.0360787	NA	NA	NA
2052690574-005061_8008990406_S5	2719T	0.007	0.004;0.011	yes	yes	yes			MT-RNR2	8.350325e-06	NA	NA	NA	NA	NA	NA	NA	NA	NA	NA	NA	NA	NA	NA	NA	NA	NA	NA	NA	NA	NA	NA	NA	NA	NA	NA	NA	NA	0.929134	0.85352	NA	NA	NA
2052690574-005061_8008990406_S5	2719A	0.009	0.006;0.014	yes	yes	yes			MT-RNR2	8.350325e-06	NA	NA	NA	NA	NA	NA	NA	NA	NA	NA	NA	NA	NA	NA	NA	NA	NA	NA	NA	NA	NA	NA	NA	NA	NA	NA	NA	NA	0.929134	0.85352	NA	NA	NA
2052690574-005061_8008990406_S5	2686A	0.056	0.048;0.065	yes	yes	yes			MT-RNR2	8.365558e-06	NA	NA	NA	NA	NA	NA	NA	NA	NA	NA	NA	NA	NA	NA	NA	NA	NA	NA	NA	NA	NA	NA	NA	NA	NA	NA	NA	NA	0.0	-4.14195	NA	NA	NA
2052690574-005061_8008990406_S5	2688T	0.002	0.001;0.005	yes	yes	yes			MT-RNR2	8.986308e-06	NA	NA	NA	NA	NA	NA	NA	NA	NA	NA	NA	NA	NA	NA	NA	NA	NA	NA	NA	NA	NA	NA	NA	NA	NA	NA	NA	NA	0.0	-0.054748	NA	NA	NA
2052690574-005061_8008990406_S5	2570T	0.023	0.018;0.03	yes	yes	yes			MT-RNR2	9.313668e-06	NA	NA	NA	NA	NA	NA	NA	NA	NA	NA	NA	NA	NA	NA	NA	NA	NA	NA	NA	NA	NA	NA	NA	NA	NA	NA	NA	NA	0.0472441	0.762693	NA	NA	NA
2052690574-005061_8008990406_S5	2496A	0.008	0.004;0.014	yes	yes	yes			MT-RNR2	9.712947e-06	NA	NA	NA	NA	NA	NA	NA	NA	NA	NA	NA	NA	NA	NA	NA	NA	NA	NA	NA	NA	NA	NA	NA	NA	NA	NA	NA	NA	0.944882	-0.054748	NA	NA	NA
2052690574-005061_8008990406_S5	2684G	0.002	0.001;0.005	yes	yes	yes			MT-RNR2	1.097834e-05	NA	NA	NA	NA	NA	NA	NA	NA	NA	NA	NA	NA	NA	NA	NA	NA	NA	NA	NA	NA	NA	NA	NA	NA	NA	NA	NA	NA	0.220472	-0.054748	NA	NA	NA
2052690574-005061_8008990406_S5	2464A	0.006	0.002;0.012	yes	yes	yes			MT-RNR2	1.1e-05	NA	NA	NA	NA	NA	NA	NA	NA	NA	NA	NA	NA	NA	NA	NA	NA	NA	NA	MERRF-like disease	N	Y	NA	NA	NA	NA	NA	rs28405829	NA	0.0	0.105283	NA	NA	NA
2052690574-005061_8008990406_S5	2642G	0.002	0.001;0.004	yes	yes	yes			MT-RNR2	1.516902e-05	NA	NA	NA	NA	NA	NA	NA	NA	NA	NA	NA	NA	NA	NA	NA	NA	NA	NA	NA	NA	NA	NA	NA	NA	NA	NA	NA	NA	0.015748	-0.599709	NA	NA	NA
2052690574-005061_8008990406_S5	2642T	0.022	0.018;0.028	yes	yes	yes			MT-RNR2	1.516902e-05	NA	NA	NA	NA	NA	NA	NA	NA	NA	NA	NA	NA	NA	NA	NA	NA	NA	NA	NA	NA	NA	NA	NA	NA	NA	NA	NA	NA	0.015748	-0.599709	NA	NA	NA
2052690574-005061_8008990406_S5	2544G	0.002	0.001;0.005	yes	yes	yes			MT-RNR2	1.719809e-05	NA	NA	NA	NA	NA	NA	NA	NA	NA	NA	NA	NA	NA	NA	NA	NA	NA	NA	NA	NA	NA	NA	NA	NA	NA	NA	NA	NA	0.440945	0.762693	NA	NA	NA
2052690574-005061_8008990406_S5	2613C	0.087	0.077;0.097	yes	yes	yes			MT-RNR2	4.324071e-05	NA	NA	NA	NA	NA	NA	NA	NA	NA	NA	NA	NA	NA	NA	NA	NA	NA	NA	NA	NA	NA	NA	NA	NA	NA	NA	NA	NA	0.0	-1.87128	NA	NA	NA
2052690574-005061_8008990406_S5	2618C	0.004	0.002;0.007	yes	yes	yes			MT-RNR2	5.322397e-05	NA	NA	NA	NA	NA	NA	NA	NA	NA	NA	NA	NA	NA	NA	NA	NA	NA	NA	NA	NA	NA	NA	NA	NA	NA	NA	NA	NA	0.0	-0.054748	NA	NA	NA
2052690574-005061_8008990406_S5	2635T	0.008	0.005;0.012	yes	yes	yes			MT-RNR2	5.337859e-05	NA	NA	NA	NA	NA	NA	NA	NA	NA	NA	NA	NA	NA	NA	NA	NA	NA	NA	NA	NA	NA	NA	NA	NA	NA	NA	NA	NA	0.0	-0.054748	NA	NA	NA
2052690574-005061_8008990406_S5	2491T	0.054	0.043;0.067	yes	yes	yes			MT-RNR2	5.833933e-05	NA	NA	NA	NA	NA	NA	NA	NA	NA	NA	NA	NA	NA	NA	NA	NA	NA	NA	NA	NA	NA	NA	NA	NA	NA	NA	NA	NA	0.716535	-0.054748	NA	NA	NA
2052690574-005061_8008990406_S5	2674G	0.02	0.016;0.026	yes	yes	yes			MT-RNR2	6.235616e-05	NA	NA	NA	NA	NA	NA	NA	NA	NA	NA	NA	NA	NA	NA	NA	NA	NA	NA	NA	NA	NA	NA	NA	NA	NA	NA	NA	NA	0.913386	0.85352	NA	NA	NA
2052690574-005061_8008990406_S5	2819A	0.007	0.003;0.015	yes	yes	yes			MT-RNR2	7.409556e-05	NA	NA	NA	NA	NA	NA	NA	NA	NA	NA	NA	NA	NA	NA	NA	NA	NA	NA	NA	NA	NA	NA	NA	NA	NA	NA	NA	NA	0.677165	0.85352	NA	NA	NA
2052690574-005061_8008990406_S5	2683T	0.005	0.003;0.008	yes	yes	yes			MT-RNR2	7.617646e-05	NA	NA	NA	NA	NA	NA	NA	NA	NA	NA	NA	NA	NA	NA	NA	NA	NA	NA	NA	NA	NA	NA	NA	NA	NA	NA	NA	NA	0.456693	0.762693	NA	NA	NA
2052690574-005061_8008990406_S5	2592T	0.002	0.001;0.004	yes	yes	yes			MT-RNR2	7.926284e-05	NA	NA	NA	NA	NA	NA	NA	NA	NA	NA	NA	NA	NA	NA	NA	NA	NA	NA	NA	NA	NA	NA	NA	NA	NA	NA	NA	NA	0.992126	0.85352	NA	NA	NA
2052690574-005061_8008990406_S5	2592A	0.004	0.002;0.007	yes	yes	yes			MT-RNR2	7.926284e-05	NA	NA	NA	NA	NA	NA	NA	NA	NA	NA	NA	NA	NA	NA	NA	NA	NA	NA	NA	NA	NA	NA	NA	NA	NA	NA	NA	NA	0.992126	0.85352	NA	NA	NA
2052690574-005061_8008990406_S5	2687T	0.044	0.037;0.052	yes	yes	yes			MT-RNR2	8.083943e-05	NA	NA	NA	NA	NA	NA	NA	NA	NA	NA	NA	NA	NA	NA	NA	NA	NA	NA	NA	NA	NA	NA	NA	NA	NA	NA	NA	NA	0.0	-1.2355	NA	NA	NA
2052690574-005061_8008990406_S5	2680C	0.002	0.001;0.004	yes	yes	yes			MT-RNR2	8.11e-05	NA	NA	NA	NA	NA	NA	NA	NA	NA	NA	NA	NA	NA	NA	NA	NA	NA	NA	NA	NA	NA	endometrial and ovarian tumors	N	Y	NA	NA	NA	NA	1.0	5.82536	0.0004	N	Y
2052690574-005061_8008990406_S5	2637T	0.002	0.001;0.004	yes	yes	yes			MT-RNR2	8.641336e-05	NA	NA	NA	NA	NA	NA	NA	NA	NA	NA	NA	NA	NA	NA	NA	NA	NA	NA	NA	NA	NA	NA	NA	NA	NA	NA	NA	NA	0.0	0.762693	NA	NA	NA
2052690574-005061_8008990406_S5	2637A	0.008	0.006;0.012	yes	yes	yes			MT-RNR2	8.641336e-05	NA	NA	NA	NA	NA	NA	NA	NA	NA	NA	NA	NA	NA	NA	NA	NA	NA	NA	NA	NA	NA	NA	NA	NA	NA	NA	NA	NA	0.0	0.762693	NA	NA	NA
2052690574-005061_8008990406_S5	2647A	0.001	0.001;0.004	yes	yes	yes			MT-RNR2	8.896981e-05	NA	NA	NA	NA	NA	NA	NA	NA	NA	NA	NA	NA	NA	NA	NA	NA	NA	NA	NA	NA	NA	NA	NA	NA	NA	NA	NA	NA	0.0393701	-0.054748	NA	NA	NA
2052690574-005061_8008990406_S5	2647C	0.01	0.007;0.014	yes	yes	yes			MT-RNR2	8.896981e-05	NA	NA	NA	NA	NA	NA	NA	NA	NA	NA	NA	NA	NA	NA	NA	NA	NA	NA	NA	NA	NA	NA	NA	NA	NA	NA	NA	NA	0.0393701	-0.054748	NA	NA	NA
2052690574-005061_8008990406_S5	2625T	0.201	0.187;0.215	yes	yes	yes			MT-RNR2	9.361323e-05	NA	NA	NA	NA	NA	NA	NA	NA	NA	NA	NA	NA	NA	NA	NA	NA	NA	NA	NA	NA	NA	NA	NA	NA	NA	NA	NA	NA	0.0	0.0360787	NA	NA	NA
2052690574-005061_8008990406_S5	2537T	0.013	0.009;0.018	yes	yes	yes			MT-RNR2	9.571045e-05	NA	NA	NA	NA	NA	NA	NA	NA	NA	NA	NA	NA	NA	NA	NA	NA	NA	NA	NA	NA	NA	NA	NA	NA	NA	NA	NA	NA	0.637795	0.762693	NA	NA	NA
2052690574-005061_8008990406_S5	2645A	0.012	0.008;0.016	yes	yes	yes			MT-RNR2	0.0001001164	NA	NA	NA	NA	NA	NA	NA	NA	NA	NA	NA	NA	NA	NA	NA	NA	NA	NA	NA	NA	NA	NA	NA	NA	NA	NA	NA	NA	0.0629921	0.85352	NA	NA	NA
2052690574-005061_8008990406_S5	2343A	0.015	0.005;0.036	yes	yes	yes			MT-RNR2	0.0001044089	NA	NA	NA	NA	NA	NA	NA	NA	NA	NA	NA	NA	NA	NA	NA	NA	NA	NA	NA	NA	NA	NA	NA	NA	NA	NA	NA	NA	0.0	0.0360787	NA	NA	NA
2052690574-005061_8008990406_S5	2617G	0.002	0.001;0.004	yes	yes	yes			MT-RNR2	0.000110088	NA	NA	NA	NA	NA	NA	NA	NA	NA	NA	NA	NA	NA	NA	NA	NA	NA	NA	NA	NA	NA	NA	NA	NA	NA	NA	NA	NA	0.0	-1.14467	NA	NA	NA
2052690574-005061_8008990406_S5	2617C	0.004	0.002;0.007	yes	yes	yes			MT-RNR2	0.000110088	NA	NA	NA	NA	NA	NA	NA	NA	NA	NA	NA	NA	NA	NA	NA	NA	NA	NA	NA	NA	NA	NA	NA	NA	NA	NA	NA	NA	0.0	-1.14467	NA	NA	NA
2052690574-005061_8008990406_S5	2636A	0.043	0.037;0.051	yes	yes	yes			MT-RNR2	0.0001125001	NA	NA	NA	NA	NA	NA	NA	NA	NA	NA	NA	NA	NA	NA	NA	NA	NA	NA	NA	NA	NA	NA	NA	NA	NA	NA	NA	NA	0.0	-0.054748	NA	NA	NA
2052690574-005061_8008990406_S5	2837G	0.028	0.018;0.041	yes	yes	yes			MT-RNR2	0.0001135748	NA	NA	NA	NA	NA	NA	NA	NA	NA	NA	NA	NA	NA	NA	NA	NA	NA	NA	NA	NA	NA	NA	NA	NA	NA	NA	NA	NA	0.0	0.944346	NA	NA	NA
2052690574-005061_8008990406_S5	2588T	0.01	0.007;0.015	yes	yes	yes			MT-RNR2	0.0001139677	NA	NA	NA	NA	NA	NA	NA	NA	NA	NA	NA	NA	NA	NA	NA	NA	NA	NA	NA	NA	NA	NA	NA	NA	NA	NA	NA	NA	0.976378	0.762693	NA	NA	NA
2052690574-005061_8008990406_S5	2454A	0.041	0.03;0.056	yes	yes	yes			MT-RNR2	0.0001149548	NA	NA	NA	NA	NA	NA	NA	NA	NA	NA	NA	NA	NA	NA	NA	NA	NA	NA	NA	NA	NA	NA	NA	NA	NA	NA	NA	NA	0.0	0.0360787	NA	NA	NA
2052690574-005061_8008990406_S5	2829T	0.041	0.03;0.056	yes	yes	yes			MT-RNR2	0.0001202132	NA	NA	NA	NA	NA	NA	NA	NA	NA	NA	NA	NA	NA	NA	NA	NA	NA	NA	NA	NA	NA	NA	NA	NA	NA	NA	NA	NA	0.0	-4.05113	NA	NA	NA
2052690574-005061_8008990406_S5	10677A	0.08	0.064;0.101	yes	yes	yes			MT-ND4L	0.000125	1	E70K	0.0098	NA	0.46	NA	high pathogenicity	0.709	benign	0.131	benign	0.187	Disease	0.752	Disease	0.857	Disease	0.914	NA	NA	NA	NA	NA	NA	NA	NA	NA	NA	1.0	4.03144	0.0004	N	Y
2052690574-005061_8008990406_S5	2898C	0.021	0.01;0.039	yes	yes	yes			MT-RNR2	0.0001270536	NA	NA	NA	NA	NA	NA	NA	NA	NA	NA	NA	NA	NA	NA	NA	NA	NA	NA	NA	NA	NA	NA	NA	NA	NA	NA	NA	NA	0.0314961	-1.50798	NA	NA	NA
2052690574-005061_8008990406_S5	2560A	0.003	0.002;0.007	yes	yes	yes			MT-RNR2	0.0001336362	NA	NA	NA	NA	NA	NA	NA	NA	NA	NA	NA	NA	NA	NA	NA	NA	NA	NA	NA	NA	NA	NA	NA	NA	NA	NA	NA	NA	0.0	-0.508882	NA	NA	NA
2052690574-005061_8008990406_S5	10715T	0.033	0.021;0.049	yes	yes	yes			MT-ND4L	0.000137	3	syn	0.0034	NA	NA	NA	NA	NA	NA	NA	NA	NA	NA	NA	NA	NA	NA	NA	NA	NA	NA	pancreatic cancer cell line	Y	N	NA	NA	NA	NA	0.0	-12.3006	NA	NA	NA
2052690574-005061_8008990406_S5	10774T	0.047	0.031;0.07	yes	yes	yes			MT-ND4	0.0001424196	3.0	syn	0.0	NA	NA	NA	NA	NA	NA	NA	NA	NA	NA	NA	NA	NA	NA	NA	NA	NA	NA	NA	NA	NA	NA	NA	NA	NA	0.0	-4.4605	NA	NA	NA
2052690574-005061_8008990406_S5	2478A	0.01	0.005;0.017	yes	yes	yes			MT-RNR2	0.0001471899	NA	NA	NA	NA	NA	NA	NA	NA	NA	NA	NA	NA	NA	NA	NA	NA	NA	NA	NA	NA	NA	NA	NA	NA	NA	NA	NA	NA	0.0472441	0.85352	NA	NA	NA
2052690574-005061_8008990406_S5	2888G	0.018	0.008;0.036	yes	yes	yes			MT-RNR2	0.0001603023	NA	NA	NA	NA	NA	NA	NA	NA	NA	NA	NA	NA	NA	NA	NA	NA	NA	NA	NA	NA	NA	NA	NA	NA	NA	NA	NA	NA	0.0	-5.3227	NA	NA	NA
2052690574-005061_8008990406_S5	2567A	0.022	0.016;0.028	yes	yes	yes			MT-RNR2	0.000189993	NA	NA	NA	NA	NA	NA	NA	NA	NA	NA	NA	NA	NA	NA	NA	NA	NA	NA	NA	NA	NA	NA	NA	NA	NA	NA	NA	NA	0.015748	-0.054748	NA	NA	NA
2052690574-005061_8008990406_S5	2567T	0.012	0.008;0.018	yes	yes	yes			MT-RNR2	0.000189993	NA	NA	NA	NA	NA	NA	NA	NA	NA	NA	NA	NA	NA	NA	NA	NA	NA	NA	NA	NA	NA	NA	NA	NA	NA	NA	NA	NA	0.015748	-0.054748	NA	NA	NA
2052690574-005061_8008990406_S5	10846T	0.046	0.023;0.086	yes	yes	yes			MT-ND4	0.0001909657	3.0	syn	0.0214	NA	NA	NA	NA	NA	NA	NA	NA	NA	NA	NA	NA	NA	NA	NA	NA	NA	NA	NA	NA	NA	NA	NA	NA	NA	0.0	-6.27638	NA	NA	NA
2052690574-005061_8008990406_S5	10721G	0.058	0.043;0.079	yes	yes	yes			MT-ND4L	0.0001959315	3.0	syn	0.0	NA	NA	NA	NA	NA	NA	NA	NA	NA	NA	NA	NA	NA	NA	NA	NA	NA	NA	NA	NA	NA	NA	NA	NA	NA	0.0	-1.83757	NA	NA	NA
2052690574-005061_8008990406_S5	2673C	0.027	0.022;0.033	yes	yes	yes			MT-RNR2	0.0002032131	NA	NA	NA	NA	NA	NA	NA	NA	NA	NA	NA	NA	NA	NA	NA	NA	NA	NA	NA	NA	NA	NA	NA	NA	NA	NA	NA	NA	0.897638	0.85352	NA	NA	NA
2052690574-005061_8008990406_S5	2673A	0.003	0.002;0.006	yes	yes	yes			MT-RNR2	0.0002032131	NA	NA	NA	NA	NA	NA	NA	NA	NA	NA	NA	NA	NA	NA	NA	NA	NA	NA	NA	NA	NA	NA	NA	NA	NA	NA	NA	NA	0.897638	0.85352	NA	NA	NA
2052690574-005061_8008990406_S5	2695C	0.003	0.001;0.005	yes	yes	yes			MT-RNR2	0.000205074	NA	NA	NA	NA	NA	NA	NA	NA	NA	NA	NA	NA	NA	NA	NA	NA	NA	NA	NA	NA	NA	NA	NA	NA	NA	NA	NA	NA	0.0472441	0.85352	NA	NA	NA
2052690574-005061_8008990406_S5	2501T	0.008	0.004;0.013	yes	yes	yes			MT-RNR2	0.0002060373	NA	NA	NA	NA	NA	NA	NA	NA	NA	NA	NA	NA	NA	NA	NA	NA	NA	NA	NA	NA	NA	NA	NA	NA	NA	NA	NA	NA	0.992126	0.762693	NA	NA	NA
2052690574-005061_8008990406_S5	2484T	0.036	0.027;0.048	yes	yes	yes		+	MT-RNR2	0.0002062981	NA	NA	NA	NA	NA	NA	NA	NA	NA	NA	NA	NA	NA	NA	NA	NA	NA	NA	NA	NA	NA	NA	NA	NA	NA	NA	NA	NA	0.0	-7.13924	NA	NA	NA
2052690574-005061_8008990406_S5	2584T	0.038	0.031;0.046	yes	yes	yes			MT-RNR2	0.0002108659	NA	NA	NA	NA	NA	NA	NA	NA	NA	NA	NA	NA	NA	NA	NA	NA	NA	NA	NA	NA	NA	NA	NA	NA	NA	NA	NA	NA	0.80315	-0.054748	NA	NA	NA
2052690574-005061_8008990406_S5	2584A	0.005	0.003;0.008	yes	yes	yes			MT-RNR2	0.0002108659	NA	NA	NA	NA	NA	NA	NA	NA	NA	NA	NA	NA	NA	NA	NA	NA	NA	NA	NA	NA	NA	NA	NA	NA	NA	NA	NA	NA	0.80315	-0.054748	NA	NA	NA
2052690574-005061_8008990406_S5	2858G	0.038	0.026;0.056	yes	yes	yes			MT-RNR2	0.0002150453	NA	NA	NA	NA	NA	NA	NA	NA	NA	NA	NA	NA	NA	NA	NA	NA	NA	NA	NA	NA	NA	NA	NA	NA	NA	NA	NA	NA	0.0	-0.054748	NA	NA	NA
2052690574-005061_8008990406_S5	10866C	0.031	0.011;0.073	yes	yes	yes			MT-ND4	0.000227	2	I36T	0.004	NA	0.11	NA	low pathogenicity	0.558	benign	0.015	benign	0.025	No Info	No Info	Neutral	0.111	Neutral	0.067	NA	NA	NA	NA	NA	NA	NA	NA	NA	NA	0.0	-0.401543	0.0004	N	Y
2052690574-005061_8008990406_S5	2881T	0.037	0.023;0.057	yes	yes	yes			MT-RNR2	0.0002304358	NA	NA	NA	NA	NA	NA	NA	NA	NA	NA	NA	NA	NA	NA	NA	NA	NA	NA	NA	NA	NA	NA	NA	NA	NA	NA	NA	NA	0.0	-5.05022	NA	NA	NA
2052690574-005061_8008990406_S5	2571A	0.04	0.033;0.049	yes	yes	yes			MT-RNR2	0.000248	NA	NA	NA	NA	NA	NA	NA	NA	NA	NA	NA	NA	NA	NA	NA	NA	NA	NA	Migraine +pigmentary retinopathy +deafness +leukariosis	N	Y	NA	NA	NA	NA	NA	rs28683810	NA	1.0	4.44465	0.0004	N	Y
2052690574-005061_8008990406_S5	10547G	0.05	0.031;0.077	yes	yes	yes			MT-ND4L	0.0002589378	3.0	syn	0.0	NA	NA	NA	NA	NA	NA	NA	NA	NA	NA	NA	NA	NA	NA	NA	NA	NA	NA	NA	NA	NA	NA	NA	NA	NA	0.0	-2.14022	NA	NA	NA
2052690574-005061_8008990406_S5	2630C	0.012	0.009;0.017	yes	yes	yes			MT-RNR2	0.000283	NA	NA	NA	NA	NA	NA	NA	NA	NA	NA	NA	NA	NA	NA	NA	NA	NA	NA	NA	NA	NA	NA	NA	NA	NA	NA	rs28445018	NA	1.0	7.60056	0.0004	N	Y
2052690574-005061_8008990406_S5	2443T	0.006	0.002;0.014	yes	yes	yes			MT-RNR2	0.0002914396	NA	NA	NA	NA	NA	NA	NA	NA	NA	NA	NA	NA	NA	NA	NA	NA	NA	NA	NA	NA	NA	NA	NA	NA	NA	NA	NA	NA	0.0	-4.14195	NA	NA	NA
2052690574-005061_8008990406_S5	2542A	0.017	0.012;0.023	yes	yes	yes			MT-RNR2	0.0003014186	NA	NA	NA	NA	NA	NA	NA	NA	NA	NA	NA	NA	NA	NA	NA	NA	NA	NA	NA	NA	NA	NA	NA	NA	NA	NA	NA	NA	0.417323	0.85352	NA	NA	NA
2052690574-005061_8008990406_S5	2778C	0.062	0.05;0.076	yes	yes	yes			MT-RNR2	0.0003157545	NA	NA	NA	NA	NA	NA	NA	NA	NA	NA	NA	NA	NA	NA	NA	NA	NA	NA	NA	NA	NA	NA	NA	NA	NA	NA	NA	NA	0.0	-2.50707	NA	NA	NA
2052690574-005061_8008990406_S5	2510C	0.003	0.001;0.007	yes	yes	yes			MT-RNR2	0.0003227246	NA	NA	NA	NA	NA	NA	NA	NA	NA	NA	NA	NA	NA	NA	NA	NA	NA	NA	NA	NA	NA	NA	NA	NA	NA	NA	NA	NA	0.992126	0.85352	NA	NA	NA
2052690574-005061_8008990406_S5	2643A	0.026	0.021;0.032	yes	yes	yes			MT-RNR2	0.0003234802	NA	NA	NA	NA	NA	NA	NA	NA	NA	NA	NA	NA	NA	NA	NA	NA	NA	NA	NA	NA	NA	NA	NA	NA	NA	NA	NA	NA	0.0472441	0.85352	NA	NA	NA
2052690574-005061_8008990406_S5	2769G	0.032	0.024;0.043	yes	yes	yes			MT-RNR2	0.000328195	NA	NA	NA	NA	NA	NA	NA	NA	NA	NA	NA	NA	NA	NA	NA	NA	NA	NA	NA	NA	NA	NA	NA	NA	NA	NA	NA	NA	0.0	-0.418055	NA	NA	NA
2052690574-005061_8008990406_S5	2573A	0.036	0.029;0.045	yes	yes	yes			MT-RNR2	0.0003306526	NA	NA	NA	NA	NA	NA	NA	NA	NA	NA	NA	NA	NA	NA	NA	NA	NA	NA	NA	NA	NA	NA	NA	NA	NA	NA	NA	NA	0.0629921	-1.32632	NA	NA	NA
2052690574-005061_8008990406_S5	2572T	0.038	0.031;0.047	yes	yes	yes			MT-RNR2	0.0003493839	NA	NA	NA	NA	NA	NA	NA	NA	NA	NA	NA	NA	NA	NA	NA	NA	NA	NA	NA	NA	NA	NA	NA	NA	NA	NA	NA	NA	0.0472441	-0.054748	NA	NA	NA
2052690574-005061_8008990406_S5	2526T	0.01	0.006;0.016	yes	yes	yes		+	MT-RNR2	0.0003554252	NA	NA	NA	NA	NA	NA	NA	NA	NA	NA	NA	NA	NA	NA	NA	NA	NA	NA	NA	NA	NA	NA	NA	NA	NA	NA	NA	NA	0.141732	-2.87038	NA	NA	NA
2052690574-005061_8008990406_S5	2731A	0.007	0.004;0.012	yes	yes	yes			MT-RNR2	0.0003787469	NA	NA	NA	NA	NA	NA	NA	NA	NA	NA	NA	NA	NA	NA	NA	NA	NA	NA	NA	NA	NA	NA	NA	NA	NA	NA	NA	NA	0.937008	0.0360787	NA	NA	NA
2052690574-005061_8008990406_S5	2784C	0.027	0.02;0.038	yes	yes	yes			MT-RNR2	0.0003879488	NA	NA	NA	NA	NA	NA	NA	NA	NA	NA	NA	NA	NA	NA	NA	NA	NA	NA	NA	NA	NA	NA	NA	NA	NA	NA	NA	NA	0.0	-1.14467	NA	NA	NA
2052690574-005061_8008990406_S5	3017T	0.048	0.018;0.109	yes	yes	yes			MT-RNR2	0.0003889169	NA	NA	NA	NA	NA	NA	NA	NA	NA	NA	NA	NA	NA	NA	NA	NA	NA	NA	NA	NA	NA	NA	NA	NA	NA	NA	NA	NA	0.19685	-0.508882	NA	NA	NA
2052690574-005061_8008990406_S5	2564G	0.004	0.002;0.008	yes	yes	yes			MT-RNR2	0.0004196354	NA	NA	NA	NA	NA	NA	NA	NA	NA	NA	NA	NA	NA	NA	NA	NA	NA	NA	NA	NA	NA	NA	NA	NA	NA	NA	NA	NA	0.0	0.944346	NA	NA	NA
2052690574-005061_8008990406_S5	3243G	0.35	0.181;0.567	yes	yes	yes			MT-TL1	0.000438	NA	NA	NA	14;;DL;A;Y	NA	1.0	NA	NA	NA	NA	NA	NA	NA	NA	NA	NA	NA	NA	NA	N	Y	elderly brain, elderly muscle, colon tumor, oncocytoma	Y	Y	3-Methylglutaconic aciduria;Age-related macular degeneration 2;Cyclical vomiting syndrome;Cytochrome-c oxidase deficiency;Diabetes-deafness syndrome maternally transmitted;Juvenile myopathy, encephalopathy, lactic acidosis AND stroke;Leigh syndrome;MERRF/MELAS overlap syndrome;Muscle stiffness, painful;Myoclonus with epilepsy with ragged red fibers;not provided	https://www.omim.org/entry/590050#0001	rs199474657	http://mamit-trna.u-strasbg.fr/mutations.asp?idAA=18	1.0	5.79657	0.0004	N	Y
2052690574-005061_8008990406_S5	2566T	0.025	0.019;0.032	yes	yes	yes			MT-RNR2	0.000448777	NA	NA	NA	NA	NA	NA	NA	NA	NA	NA	NA	NA	NA	NA	NA	NA	NA	NA	NA	NA	NA	NA	NA	NA	NA	NA	NA	NA	0.0	-1.32632	NA	NA	NA
2052690574-005061_8008990406_S5	2566G	0.002	0.001;0.005	yes	yes	yes			MT-RNR2	0.000448777	NA	NA	NA	NA	NA	NA	NA	NA	NA	NA	NA	NA	NA	NA	NA	NA	NA	NA	NA	NA	NA	NA	NA	NA	NA	NA	NA	NA	0.0	-1.32632	NA	NA	NA
2052690574-005061_8008990406_S5	2534A	0.002	0.001;0.006	yes	yes	yes			MT-RNR2	0.0004529349	NA	NA	NA	NA	NA	NA	NA	NA	NA	NA	NA	NA	NA	NA	NA	NA	NA	NA	NA	NA	NA	NA	NA	NA	NA	NA	NA	NA	0.598425	-0.054748	NA	NA	NA
2052690574-005061_8008990406_S5	2906T	0.028	0.015;0.049	yes	yes	yes			MT-RNR2	0.000478299	NA	NA	NA	NA	NA	NA	NA	NA	NA	NA	NA	NA	NA	NA	NA	NA	NA	NA	NA	NA	NA	NA	NA	NA	NA	NA	NA	NA	0.0	-1.14467	NA	NA	NA
2052690574-005061_8008990406_S5	2585T	0.006	0.004;0.01	yes	yes	yes			MT-RNR2	0.0004880695	NA	NA	NA	NA	NA	NA	NA	NA	NA	NA	NA	NA	NA	NA	NA	NA	NA	NA	NA	NA	NA	NA	NA	NA	NA	NA	NA	NA	0.889764	0.85352	NA	NA	NA
2052690574-005061_8008990406_S5	2585A	0.019	0.014;0.025	yes	yes	yes			MT-RNR2	0.0004880695	NA	NA	NA	NA	NA	NA	NA	NA	NA	NA	NA	NA	NA	NA	NA	NA	NA	NA	NA	NA	NA	NA	NA	NA	NA	NA	NA	NA	0.889764	0.85352	NA	NA	NA
2052690574-005061_8008990406_S5	2708A	0.008	0.005;0.013	yes	yes	yes			MT-RNR2	0.0004963403	NA	NA	NA	NA	NA	NA	NA	NA	NA	NA	NA	NA	NA	NA	NA	NA	NA	NA	NA	NA	NA	NA	NA	NA	NA	NA	NA	NA	0.0	-3.41534	NA	NA	NA
2052690574-005061_8008990406_S5	2708T	0.051	0.043;0.061	yes	yes	yes			MT-RNR2	0.0004963403	NA	NA	NA	NA	NA	NA	NA	NA	NA	NA	NA	NA	NA	NA	NA	NA	NA	NA	NA	NA	NA	NA	NA	NA	NA	NA	NA	NA	0.0	-3.41534	NA	NA	NA
2052690574-005061_8008990406_S5	2713T	0.008	0.005;0.012	yes	yes	yes		+	MT-RNR2	0.0005155622	NA	NA	NA	NA	NA	NA	NA	NA	NA	NA	NA	NA	NA	NA	NA	NA	NA	NA	NA	NA	NA	NA	NA	NA	NA	NA	NA	NA	0.023622	-1.2355	NA	NA	NA
2052690574-005061_8008990406_S5	2779T	0.019	0.013;0.028	yes	yes	yes			MT-RNR2	0.0005442692	NA	NA	NA	NA	NA	NA	NA	NA	NA	NA	NA	NA	NA	NA	NA	NA	NA	NA	NA	NA	NA	NA	NA	NA	NA	NA	NA	NA	0.0	-1.41715	NA	NA	NA
2052690574-005061_8008990406_S5	2345A	0.015	0.005;0.036	yes	yes	yes			MT-RNR2	0.0005597284	NA	NA	NA	NA	NA	NA	NA	NA	NA	NA	NA	NA	NA	NA	NA	NA	NA	NA	NA	NA	NA	NA	NA	NA	NA	NA	NA	NA	0.0	-3.59699	NA	NA	NA
2052690574-005061_8008990406_S5	2557T	0.154	0.14;0.169	yes	yes	yes			MT-RNR2	0.0005700796	NA	NA	NA	NA	NA	NA	NA	NA	NA	NA	NA	NA	NA	NA	NA	NA	NA	NA	NA	NA	NA	NA	NA	NA	NA	NA	NA	NA	0.0	-5.3227	NA	NA	NA
2052690574-005061_8008990406_S5	2487G	0.008	0.004;0.015	yes	yes	yes			MT-RNR2	0.0005747123	NA	NA	NA	NA	NA	NA	NA	NA	NA	NA	NA	NA	NA	NA	NA	NA	NA	NA	NA	NA	NA	NA	NA	NA	NA	NA	NA	NA	0.283465	0.944346	NA	NA	NA
2052690574-005061_8008990406_S5	2690A	0.012	0.009;0.017	yes	yes	yes			MT-RNR2	0.000597	NA	NA	NA	NA	NA	NA	NA	NA	NA	NA	NA	NA	NA	NA	NA	NA	NA	NA	NA	NA	NA	NA	NA	NA	NA	NA	rs28602676	NA	1.0	4.44465	0.0021	N	Y
2052690574-005061_8008990406_S5	10739C	0.008	0.003;0.02	yes	yes	yes			MT-ND4L	0.0005991462	3.0	syn	0.0	NA	NA	NA	NA	NA	NA	NA	NA	NA	NA	NA	NA	NA	NA	NA	NA	NA	NA	NA	NA	NA	NA	NA	NA	NA	0.0	-8.3949	NA	NA	NA
2052690574-005061_8008990406_S5	2492A	0.036	0.027;0.047	yes	yes	yes			MT-RNR2	0.0006017671	NA	NA	NA	NA	NA	NA	NA	NA	NA	NA	NA	NA	NA	NA	NA	NA	NA	NA	NA	NA	NA	NA	NA	NA	NA	NA	NA	NA	0.80315	0.85352	NA	NA	NA
2052690574-005061_8008990406_S5	2492T	0.008	0.004;0.014	yes	yes	yes			MT-RNR2	0.0006017671	NA	NA	NA	NA	NA	NA	NA	NA	NA	NA	NA	NA	NA	NA	NA	NA	NA	NA	NA	NA	NA	NA	NA	NA	NA	NA	NA	NA	0.80315	0.85352	NA	NA	NA
2052690574-005061_8008990406_S5	2417T	0.009	0.004;0.021	yes	yes	yes			MT-RNR2	0.0006082346	NA	NA	NA	NA	NA	NA	NA	NA	NA	NA	NA	NA	NA	NA	NA	NA	NA	NA	NA	NA	NA	NA	NA	NA	NA	NA	NA	NA	0.0	-2.9612	NA	NA	NA
2052690574-005061_8008990406_S5	2834T	0.027	0.018;0.04	yes	yes	yes			MT-RNR2	0.0006164623	NA	NA	NA	NA	NA	NA	NA	NA	NA	NA	NA	NA	NA	NA	NA	NA	NA	NA	NA	NA	NA	NA	NA	NA	NA	NA	NA	NA	0.0	-5.95849	NA	NA	NA
2052690574-005061_8008990406_S5	10616T	0.009	0.003;0.02	yes	yes	yes			MT-ND4L	0.0006250268	3.0	syn	0.0252	NA	NA	NA	NA	NA	NA	NA	NA	NA	NA	NA	NA	NA	NA	NA	NA	NA	NA	NA	NA	NA	NA	NA	NA	NA	0.0	-0.425228	NA	NA	NA
2052690574-005061_8008990406_S5	2889T	0.018	0.008;0.035	yes	yes	yes			MT-RNR2	0.0006427797	NA	NA	NA	NA	NA	NA	NA	NA	NA	NA	NA	NA	NA	NA	NA	NA	NA	NA	NA	NA	NA	NA	NA	NA	NA	NA	NA	NA	0.0	-4.95939	NA	NA	NA
2052690574-005061_8008990406_S5	2558G	0.007	0.004;0.011	yes	yes	yes			MT-RNR2	0.0006494201	NA	NA	NA	NA	NA	NA	NA	NA	NA	NA	NA	NA	NA	NA	NA	NA	NA	NA	NA	NA	NA	NA	NA	NA	NA	NA	NA	NA	0.0	-0.418055	NA	NA	NA
2052690574-005061_8008990406_S5	2762T	0.017	0.011;0.025	yes	yes	yes			MT-RNR2	0.0006651273	NA	NA	NA	NA	NA	NA	NA	NA	NA	NA	NA	NA	NA	NA	NA	NA	NA	NA	NA	NA	NA	NA	NA	NA	NA	NA	NA	NA	0.0	-5.41353	NA	NA	NA
2052690574-005061_8008990406_S5	2589G	0.006	0.004;0.01	yes	yes	yes			MT-RNR2	0.0006979706	NA	NA	NA	NA	NA	NA	NA	NA	NA	NA	NA	NA	NA	NA	NA	NA	NA	NA	NA	NA	NA	NA	NA	NA	NA	NA	NA	NA	0.984252	0.944346	NA	NA	NA
2052690574-005061_8008990406_S5	10786C	0.014	0.006;0.032	yes	yes	yes		+	MT-ND4	0.0007443796	3.0	syn	0.0076	NA	NA	NA	NA	NA	NA	NA	NA	NA	NA	NA	NA	NA	NA	NA	NA	NA	NA	NA	NA	NA	NA	NA	NA	NA	0.0	-3.95609	NA	NA	NA
2052690574-005061_8008990406_S5	2709C	0.004	0.002;0.008	yes	yes	yes			MT-RNR2	0.0008036624	NA	NA	NA	NA	NA	NA	NA	NA	NA	NA	NA	NA	NA	NA	NA	NA	NA	NA	NA	NA	NA	NA	NA	NA	NA	NA	NA	NA	0.0	-1.14467	NA	NA	NA
2052690574-005061_8008990406_S5	2763C	0.013	0.008;0.02	yes	yes	yes		+	MT-RNR2	0.0008190745	NA	NA	NA	NA	NA	NA	NA	NA	NA	NA	NA	NA	NA	NA	NA	NA	NA	NA	NA	NA	NA	NA	NA	NA	NA	NA	NA	NA	0.0	-5.23187	NA	NA	NA
2052690574-005061_8008990406_S5	2849A	0.035	0.024;0.052	yes	yes	yes		+	MT-RNR2	0.0009549756	NA	NA	NA	NA	NA	NA	NA	NA	NA	NA	NA	NA	NA	NA	NA	NA	NA	NA	NA	NA	NA	NA	NA	NA	NA	NA	NA	NA	0.0	-0.963016	NA	NA	NA
2052690574-005061_8008990406_S5	2804C	0.029	0.021;0.041	yes	yes	yes			MT-RNR2	0.0009758105	NA	NA	NA	NA	NA	NA	NA	NA	NA	NA	NA	NA	NA	NA	NA	NA	NA	NA	NA	NA	NA	NA	NA	NA	NA	NA	NA	NA	0.0	-0.327228	NA	NA	NA
2052690574-005061_8008990406_S5	2523T	0.158	0.142;0.175	yes	yes	yes			MT-RNR2	0.001068595	NA	NA	NA	NA	NA	NA	NA	NA	NA	NA	NA	NA	NA	NA	NA	NA	NA	NA	NA	NA	NA	NA	NA	NA	NA	NA	NA	NA	0.204724	-1.14467	NA	NA	NA
2052690574-005061_8008990406_S5	2486C	0.009	0.005;0.015	yes	yes	yes			MT-RNR2	0.001093681	NA	NA	NA	NA	NA	NA	NA	NA	NA	NA	NA	NA	NA	NA	NA	NA	NA	NA	NA	NA	NA	NA	NA	NA	NA	NA	NA	NA	0.0393701	-1.05384	NA	NA	NA
2052690574-005061_8008990406_S5	2701A	0.002	0.001;0.005	yes	yes	yes		+	MT-RNR2	0.00121965	NA	NA	NA	NA	NA	NA	NA	NA	NA	NA	NA	NA	NA	NA	NA	NA	NA	NA	NA	NA	NA	NA	NA	NA	NA	NA	NA	NA	0.0	-0.054748	NA	NA	NA
2052690574-005061_8008990406_S5	2759C	0.027	0.02;0.037	yes	yes	yes		+	MT-RNR2	0.001224418	NA	NA	NA	NA	NA	NA	NA	NA	NA	NA	NA	NA	NA	NA	NA	NA	NA	NA	NA	NA	NA	NA	NA	NA	NA	NA	NA	NA	0.0	-2.5979	NA	NA	NA
2052690574-005061_8008990406_S5	2628A	0.007	0.005;0.011	yes	yes	yes			MT-RNR2	0.001226747	NA	NA	NA	NA	NA	NA	NA	NA	NA	NA	NA	NA	NA	NA	NA	NA	NA	NA	NA	NA	NA	NA	NA	NA	NA	NA	NA	NA	0.0	-1.87128	NA	NA	NA
2052690574-005061_8008990406_S5	2524C	0.008	0.004;0.013	yes	yes	yes			MT-RNR2	0.001330172	NA	NA	NA	NA	NA	NA	NA	NA	NA	NA	NA	NA	NA	NA	NA	NA	NA	NA	NA	NA	NA	NA	NA	NA	NA	NA	NA	NA	0.181102	0.0360787	NA	NA	NA
2052690574-005061_8008990406_S5	2389T	0.014	0.006;0.029	yes	yes	yes		+	MT-RNR2	0.001506043	NA	NA	NA	NA	NA	NA	NA	NA	NA	NA	NA	NA	NA	NA	NA	NA	NA	NA	NA	NA	NA	NA	NA	NA	NA	NA	NA	NA	0.0	-3.77865	NA	NA	NA
2052690574-005061_8008990406_S5	2445C	0.028	0.019;0.042	yes	yes	yes			MT-RNR2	0.00171	NA	NA	NA	NA	NA	NA	NA	NA	NA	NA	NA	NA	NA	NA	NA	NA	NA	NA	LHON modulator	Y	N	bladder tumor	Y	N	NA	NA	NA	NA	0.0	-8.17897	0.0017	Y	Y
2052690574-005061_8008990406_S5	10775A	0.019	0.009;0.036	yes	yes	yes		+	MT-ND4	0.00171	1	V6I	0.0203	NA	0.08	NA	low pathogenicity	0.516	benign	0.0	benign	0.001	No Info	No Info	Neutral	0.066	Neutral	0.006	NA	NA	NA	NA	NA	NA	NA	NA	NA	NA	0.0	-4.13458	0.0004	N	Y
2052690574-005061_8008990406_S5	2623G	0.005	0.003;0.008	yes	yes	yes		+	MT-RNR2	0.002041836	NA	NA	NA	NA	NA	NA	NA	NA	NA	NA	NA	NA	NA	NA	NA	NA	NA	NA	NA	NA	NA	NA	NA	NA	NA	NA	NA	NA	0.00787402	0.944346	NA	NA	NA
2052690574-005061_8008990406_S5	2735A	0.007	0.004;0.011	yes	yes	yes		+	MT-RNR2	0.002085138	NA	NA	NA	NA	NA	NA	NA	NA	NA	NA	NA	NA	NA	NA	NA	NA	NA	NA	NA	NA	NA	NA	NA	NA	NA	NA	NA	NA	0.850394	0.85352	NA	NA	NA
2052690574-005061_8008990406_S5	2638C	0.112	0.101;0.123	yes	yes	yes		+	MT-RNR2	0.002144838	NA	NA	NA	NA	NA	NA	NA	NA	NA	NA	NA	NA	NA	NA	NA	NA	NA	NA	NA	NA	NA	NA	NA	NA	NA	NA	NA	NA	0.0	-1.2355	NA	NA	NA
2052690574-005061_8008990406_S5	10601C	0.056	0.039;0.079	yes	yes	yes		+	MT-ND4L	0.00266	3	syn	0.009	NA	NA	NA	NA	NA	NA	NA	NA	NA	NA	NA	NA	NA	NA	NA	NA	NA	NA	NA	NA	NA	NA	NA	rs370873805	NA	0.0	-12.5339	0.0004	Y	N
2052690574-005061_8008990406_S5	2541A	0.014	0.01;0.02	yes	yes	yes			MT-RNR2	0.002687007	NA	NA	NA	NA	NA	NA	NA	NA	NA	NA	NA	NA	NA	NA	NA	NA	NA	NA	NA	NA	NA	NA	NA	NA	NA	NA	NA	NA	0.393701	-2.32542	NA	NA	NA
2052690574-005061_8008990406_S5	2541T	0.069	0.059;0.08	yes	yes	yes			MT-RNR2	0.002687007	NA	NA	NA	NA	NA	NA	NA	NA	NA	NA	NA	NA	NA	NA	NA	NA	NA	NA	NA	NA	NA	NA	NA	NA	NA	NA	NA	NA	0.393701	-2.32542	NA	NA	NA
2052690574-005061_8008990406_S5	2392A	0.01	0.003;0.023	yes	yes	yes			MT-RNR2	0.002704645	NA	NA	NA	NA	NA	NA	NA	NA	NA	NA	NA	NA	NA	NA	NA	NA	NA	NA	NA	NA	NA	NA	NA	NA	NA	NA	NA	NA	0.0	-4.23278	NA	NA	NA
2052690574-005061_8008990406_S5	2280T	0.034	0.014;0.074	yes	yes	yes			MT-RNR2	0.002776399	NA	NA	NA	NA	NA	NA	NA	NA	NA	NA	NA	NA	NA	NA	NA	NA	NA	NA	NA	NA	NA	NA	NA	NA	NA	NA	NA	NA	0.0	-2.50707	NA	NA	NA
2052690574-005061_8008990406_S5	2080C	0.172	0.076;0.345	yes	yes	yes		+	MT-RNR2	0.00285	NA	NA	NA	NA	NA	NA	NA	NA	NA	NA	NA	NA	NA	NA	NA	NA	NA	NA	Progressive MM+Deafness+Seizures	N	Y	NA	NA	NA	NA	NA	rs200040509	NA	0.0	-0.683693	0.0021	Y	Y
2052690574-005061_8008990406_S5	10653A	0.019	0.012;0.032	yes	yes	yes		+	MT-ND4L	0.00285	1	A62T	0.1491	NA	0.11	NA	low pathogenicity	0.511	benign	0.0	benign	0.003	Neutral	0.111	Neutral	0.229	Neutral	0.067	NA	NA	NA	NA	NA	NA	NA	NA	rs386829108	NA	0.0	-1.10149	0.0004	Y	Y
2052690574-005061_8008990406_S5	2857C	0.033	0.022;0.05	yes	yes	yes		+	MT-RNR2	0.00382	NA	NA	NA	NA	NA	NA	NA	NA	NA	NA	NA	NA	NA	NA	NA	NA	NA	NA	NA	NA	NA	NA	NA	NA	NA	NA	rs2854129	NA	0.0	-4.62857	0.0008	Y	N
2052690574-005061_8008990406_S5	10670T	0.084	0.067;0.105	yes	yes	yes		+	MT-ND4L	0.003996333	3.0	syn	0.0	NA	NA	NA	NA	NA	NA	NA	NA	NA	NA	NA	NA	NA	NA	NA	NA	NA	NA	NA	NA	NA	NA	NA	NA	NA	0.0	-3.14904	NA	NA	NA
2052690574-005061_8008990406_S5	2766T	0.014	0.009;0.022	yes	yes	yes		+	MT-RNR2	0.004011835	NA	NA	NA	NA	NA	NA	NA	NA	NA	NA	NA	NA	NA	NA	NA	NA	NA	NA	NA	NA	NA	NA	NA	NA	NA	NA	NA	NA	0.0	-3.23369	NA	NA	NA
2052690574-005061_8008990406_S5	2056A	0.231	0.11;0.421	yes	yes	yes		+	MT-RNR2	0.00461	NA	NA	NA	NA	NA	NA	NA	NA	NA	NA	NA	NA	NA	NA	NA	NA	NA	NA	DMDF / RP+SNHL	N	Y	bladder tumor, acute leukemia platelets/leukocytes/bone marrow	Y	Y	NA	NA	rs202087883	NA	0.0	-1.27543	0.0037	Y	Y
2052690574-005061_8008990406_S5	10801A	0.014	0.005;0.034	yes	yes	yes		+	MT-ND4	0.00485877	3.0	syn	0.0029	NA	NA	NA	NA	NA	NA	NA	NA	NA	NA	NA	NA	NA	NA	NA	NA	NA	NA	NA	NA	NA	NA	NA	NA	NA	0.0	-1.1314	NA	NA	NA
2052690574-005061_8008990406_S5	10679G	0.082	0.065;0.103	yes	yes	yes		+	MT-ND4L	0.00504	3	NA	0.0098	NA	NA	NA	NA	NA	NA	NA	NA	NA	NA	NA	NA	NA	NA	NA	NA	NA	NA	NA	NA	NA	NA	NA	rs386829109	NA	0.740157	-0.168228	0.00206611570248	Y	Y
2052690574-005061_8008990406_S5	2404C	0.038	0.025;0.057	yes	yes	yes		+	MT-RNR2	0.005916383	NA	NA	NA	NA	NA	NA	NA	NA	NA	NA	NA	NA	NA	NA	NA	NA	NA	NA	NA	NA	NA	NA	NA	NA	NA	NA	NA	NA	0.0	-4.05113	NA	NA	NA
2052690574-005061_8008990406_S5	2707G	0.014	0.01;0.019	yes	yes	yes		+	MT-RNR2	0.006213268	NA	NA	NA	NA	NA	NA	NA	NA	NA	NA	NA	NA	NA	NA	NA	NA	NA	NA	NA	NA	NA	NA	NA	NA	NA	NA	NA	NA	0.0	-2.23459	NA	NA	NA
2052690574-005061_8008990406_S5	10652C	0.072	0.056;0.091	yes	yes	yes		+	MT-ND4L	0.00674	3	syn	0.015	NA	NA	NA	NA	NA	NA	NA	NA	NA	NA	NA	NA	NA	NA	NA	BD / MDD-associated	N	Y	NA	NA	NA	NA	NA	NA	NA	0.0	-7.40099	0.0008	Y	Y
2052690574-005061_8008990406_S5	2702A	0.051	0.043;0.061	yes	yes	yes		+	MT-RNR2	0.007322144	NA	NA	NA	NA	NA	NA	NA	NA	NA	NA	NA	NA	NA	NA	NA	NA	NA	NA	NA	NA	NA	NA	NA	NA	NA	NA	NA	NA	0.0	-3.41534	NA	NA	NA
2052690574-005061_8008990406_S5	2850C	0.036	0.025;0.053	yes	yes	yes		+	MT-RNR2	0.009545507	NA	NA	NA	NA	NA	NA	NA	NA	NA	NA	NA	NA	NA	NA	NA	NA	NA	NA	NA	NA	NA	NA	NA	NA	NA	NA	NA	NA	0.0	-2.68872	NA	NA	NA
2052690574-005061_8008990406_S5	2483C	0.007	0.004;0.014	yes	yes	yes		+	MT-RNR2	0.0101	NA	NA	NA	NA	NA	NA	NA	NA	NA	NA	NA	NA	NA	NA	NA	NA	NA	NA	MM	N	Y	NA	NA	NA	not provided	NA	rs28445203	NA	0.015748	0.105283	0.0058	Y	Y
2052690574-005061_8008990406_S5	2639A	0.102	0.092;0.113	yes	yes	yes			MT-RNR2	0.0109	NA	NA	NA	NA	NA	NA	NA	NA	NA	NA	NA	NA	NA	NA	NA	NA	NA	NA	Rare mutation in a single POAG patient	Y	N	NA	NA	NA	NA	NA	NA	NA	0.0	-0.880937	NA	NA	NA
2052690574-005061_8008990406_S5	2836T	0.025	0.016;0.038	yes	yes	yes		+	MT-RNR2	0.01342122	NA	NA	NA	NA	NA	NA	NA	NA	NA	NA	NA	NA	NA	NA	NA	NA	NA	NA	NA	NA	NA	NA	NA	NA	NA	NA	NA	NA	0.0	-2.9612	NA	NA	NA
2052690574-005061_8008990406_S5	10646A	0.076	0.059;0.097	yes	yes	yes		+	MT-ND4L	0.01377993	3.0	syn	0.0213	NA	NA	NA	NA	NA	NA	NA	NA	NA	NA	NA	NA	NA	NA	NA	NA	NA	NA	NA	NA	NA	NA	NA	NA	NA	0.0	-1.1314	NA	NA	NA
2052690574-005061_8008990406_S5	2887C	0.018	0.008;0.035	yes	yes	yes		+	MT-RNR2	0.01404287	NA	NA	NA	NA	NA	NA	NA	NA	NA	NA	NA	NA	NA	NA	NA	NA	NA	NA	NA	NA	NA	NA	NA	NA	NA	NA	NA	NA	0.0	-5.77683	NA	NA	NA
2052690574-005061_8008990406_S5	2581G	0.102	0.091;0.114	yes	yes	yes		+	MT-RNR2	0.01502055	NA	NA	NA	NA	NA	NA	NA	NA	NA	NA	NA	NA	NA	NA	NA	NA	NA	NA	NA	NA	NA	NA	NA	NA	NA	NA	NA	NA	0.653543	-0.508882	NA	NA	NA
2052690574-005061_8008990406_S5	2831T	0.041	0.03;0.057	yes	yes	yes		+	MT-RNR2	0.01564437	NA	NA	NA	NA	NA	NA	NA	NA	NA	NA	NA	NA	NA	NA	NA	NA	NA	NA	NA	NA	NA	NA	NA	NA	NA	NA	NA	NA	0.0	-5.23187	NA	NA	NA
2052690574-005061_8008990406_S5	2831C	0.026	0.017;0.04	yes	yes	yes			MT-RNR2	0.01564437	NA	NA	NA	NA	NA	NA	NA	NA	NA	NA	NA	NA	NA	NA	NA	NA	NA	NA	NA	NA	NA	NA	NA	NA	NA	NA	NA	NA	0.0	-5.23187	NA	NA	NA
2052690574-005061_8008990406_S5	2442C	0.033	0.023;0.048	yes	yes	yes		+	MT-RNR2	0.02286062	NA	NA	NA	NA	NA	NA	NA	NA	NA	NA	NA	NA	NA	NA	NA	NA	NA	NA	NA	NA	NA	NA	NA	NA	NA	NA	NA	NA	0.0	-2.32542	NA	NA	NA
2052690574-005061_8008990406_S5	10685A	0.081	0.064;0.102	yes	yes	yes		+	MT-ND4L	0.03	3	NA	0.0	NA	NA	NA	NA	NA	NA	NA	NA	NA	NA	NA	NA	NA	NA	NA	NA	NA	NA	NA	NA	NA	NA	NA	rs372025447	NA	0.0	-9.0342	0.00784475639967	Y	Y
2052690574-005061_8008990406_S5	10586A	0.048	0.032;0.072	yes	yes	yes		+	MT-ND4L	0.0471	3	syn	0.0	NA	NA	NA	NA	NA	NA	NA	NA	NA	NA	NA	NA	NA	NA	NA	NA	NA	NA	NA	NA	NA	NA	NA	rs28358281	NA	0.0	-20.0	0.0234	Y	Y
2052690574-005061_8008990406_S5	10589A	0.045	0.029;0.068	yes	yes	yes		+	MT-ND4L	0.0839	3	syn	0.0	NA	NA	NA	NA	NA	NA	NA	NA	NA	NA	NA	NA	NA	NA	NA	NA	NA	NA	NA	NA	NA	NA	NA	rs2853487	NA	0.0	-3.90127	0.0181	Y	Y
2052690574-005061_8008990406_S5	2416A	0.016	0.008;0.029	yes	yes	yes			MT-RNR2	0.09219501	NA	NA	NA	NA	NA	NA	NA	NA	NA	NA	NA	NA	NA	NA	NA	NA	NA	NA	NA	NA	NA	NA	NA	NA	NA	NA	NA	NA	0.0	-5.05022	NA	NA	NA
2052690574-005061_8008990406_S5	2885C				yes	yes			MT-RNR2	0.108	NA	NA	NA	NA	NA	NA	NA	NA	NA	NA	NA	NA	NA	NA	NA	NA	NA	NA	NA	NA	NA	NA	NA	NA	NA	NA	rs2854130	NA	0.0	-1.27543	NA	NA	NA
2052690574-005061_8008990406_S5	2758A				yes	yes			MT-RNR2	0.109	NA	NA	NA	NA	NA	NA	NA	NA	NA	NA	NA	NA	NA	NA	NA	NA	NA	NA	NA	NA	NA	NA	NA	NA	NA	NA	rs2856980	NA	0.0	-1.66991	NA	NA	NA
2052690574-005061_8008990406_S5	10688A				yes	yes			MT-ND4L	0.109	3	NA	0.0182	NA	NA	NA	NA	NA	NA	NA	NA	NA	NA	NA	NA	NA	NA	NA	NA	NA	NA	NA	NA	NA	NA	NA	rs2853488	NA	0.0	-10.2008	NA	NA	NA
2052690574-005061_8008990406_S5	10810C				yes	yes			MT-ND4	0.113	3	NA	0.004	NA	NA	NA	NA	NA	NA	NA	NA	NA	NA	NA	NA	NA	NA	NA	NA	NA	NA	NA	NA	NA	NA	NA	rs28358282	NA	0.0	-5.53447	NA	NA	NA
2052690574-005061_8008990406_S5	2416C	0.017	0.009;0.031	yes	yes	yes		+	MT-RNR2	0.118	NA	NA	NA	NA	NA	NA	NA	NA	NA	NA	NA	NA	NA	NA	NA	NA	NA	NA	Multiple Sclerosis / idiopathic repeat miscarriage / AD protection	Y	N	NA	NA	NA	NA	NA	rs28358580	NA	0.0	-7.19275	0.0827	Y	Y
2052690574-005061_8008990406_S5	3010A	0.06	0.027;0.12	yes	yes	yes		+	MT-RNR2	0.655	NA	NA	NA	NA	NA	NA	NA	NA	NA	NA	NA	NA	NA	NA	NA	NA	NA	NA	NA	NA	NA	NA	NA	NA	NA	NA	rs3928306	NA	0.992126	2.8667	0.1043	Y	Y
2052690574-005061_8008990406_S5	10873C				yes	yes			MT-ND4	0.769	3	NA	0.0023	NA	NA	NA	NA	NA	NA	NA	NA	NA	NA	NA	NA	NA	NA	NA	NA	NA	NA	NA	NA	NA	NA	NA	rs2857284	NA	0.0	-0.868173	NA	NA	NA
2052690574-005061_8008990406_S5	10750G	0.989	0.975;0.995	yes	yes	yes	T2b3_151	+	MT-ND4L	0.0141	2	N94S	0.3412	NA	0.24	NA	high pathogenicity	0.727	benign	0.005	benign	0.056	Neutral	0.249	Disease	0.644	Neutral	0.233	NA	NA	NA	NA	NA	NA	NA	NA	rs372297272	NA	1.0	6.59791	0.0025	Y	Y
2052690574-005061_8008990406_S5	151T	1.0	0.845;1.0	yes	yes	yes	T2b3_151	+	MT-DLOOP	0.07932152	NA	NA	NA	NA	NA	NA	NA	NA	NA	NA	NA	NA	NA	NA	NA	NA	NA	NA	NA	NA	NA	NA	NA	NA	NA	NA	NA	NA	0.0	-3.45072	NA	NA	NA
2052690574-005061_8008990406_S5	16304C	1.0	0.796;1.0	yes	yes	yes	T2b3_151	+	MT-DLOOP	0.28	NA	NA	NA	NA	NA	NA	NA	NA	NA	NA	NA	NA	NA	NA	NA	NA	NA	NA	NA	NA	NA	esophageal, breast & prostate tumors	Y	Y	NA	NA	rs386829305	NA	0.0	-2.01517	0.0626	Y	Y
2052690574-005061_8008990406_S5	8860G					yes			MT-ATP6	0.0273	1	T112A	0.026	NA	0.14	NA	low pathogenicity	0.369	benign	0.0	benign	0.003	Neutral	0.326	Neutral	0.317	Neutral	0.176	NA	NA	NA	NA	NA	NA	NA	NA	rs2001031	NA	0.0	0.0508661	NA	NA	NA
2052690574-005061_8008990406_S5	15326G					yes			MT-CYB	0.0383	1	T194A	NA	NA	0.12	NA	low pathogenicity	0.452	benign	0.0	benign	0.009	Neutral	0.294	Neutral	0.244	Neutral	0.049	NA	NA	NA	NA	NA	NA	Familial cancer of breast	NA	rs2853508	NA	0.0	-5.47875	NA	NA	NA
2052690574-005061_8008990406_S5	750G					yes			MT-RNR1	0.056	NA	NA	NA	NA	NA	NA	NA	NA	NA	NA	NA	NA	NA	NA	NA	NA	NA	NA	NA	NA	NA	NA	NA	NA	NA	NA	rs2853518	NA	1.0	6.79675	NA	NA	NA
2052690574-005061_8008990406_S5	16296T	1.0	0.796;1.0	yes		yes		+	MT-DLOOP	0.06025694	NA	NA	NA	NA	NA	NA	NA	NA	NA	NA	NA	NA	NA	NA	NA	NA	NA	NA	NA	NA	NA	NA	NA	NA	NA	NA	NA	NA	0.0	-3.2689	NA	NA	NA
2052690574-005061_8008990406_S5	263G					yes			MT-DLOOP	0.0869	NA	NA	NA	NA	NA	NA	NA	NA	NA	NA	NA	NA	NA	NA	NA	NA	NA	NA	NA	NA	NA	POLG/MNGIE muscle	N	Y	NA	NA	rs2853515	NA	0.0	0.109654	NA	NA	NA
2052690574-005061_8008990406_S5	4769G					yes			MT-ND2	0.0937	3	NA	0.0752	NA	NA	NA	NA	NA	NA	NA	NA	NA	NA	NA	NA	NA	NA	NA	Mitochondrial myopathy	NA	NA	NA	NA	NA	NA	NA	rs3021086	NA	0.0	-20.0	NA	NA	NA
2052690574-005061_8008990406_S5	1438G					yes			MT-RNR1	0.164	NA	NA	NA	NA	NA	NA	NA	NA	NA	NA	NA	NA	NA	NA	NA	NA	NA	NA	NA	NA	NA	NA	NA	NA	not specified	NA	NA	NA	0.0	0.0981496	NA	NA	NA
2052690574-005061_8008990406_S5	7028T					yes			MT-CO1	0.76	3	NA	0.0	NA	NA	NA	NA	NA	NA	NA	NA	NA	NA	NA	NA	NA	NA	NA	NA	NA	NA	NA	NA	NA	NA	NA	rs2015062	NA	0.0	-9.26751	NA	NA	NA
2052690574-005061_8008990406_S5	2706G					yes			MT-RNR2	0.781	NA	NA	NA	NA	NA	NA	NA	NA	NA	NA	NA	NA	NA	NA	NA	NA	NA	NA	NA	NA	NA	NA	NA	NA	NA	NA	rs2854128	NA	0.0	-0.0919606	NA	NA	NA
2052690574-005061_8008990406_S5	11719A					yes			MT-ND4	0.813	3	NA	0.0045	NA	NA	NA	NA	NA	NA	NA	NA	NA	NA	NA	NA	NA	NA	NA	NA	NA	NA	NA	NA	NA	NA	NA	rs2853495	NA	0.0	-12.3372	NA	NA	NA
2052690574-005061_8008990406_S5	14766T					yes			MT-CYB	0.818	2	T7I	NA	NA	0.09	NA	low pathogenicity	0.165	benign	0.001	benign	0.003	Neutral	0.17	Neutral	0.319	Neutral	0.074	NA	NA	NA	NA	NA	NA	Familial cancer of breast	NA	rs193302980	NA	0.0	0.0531575	NA	NA	NA
2052690574-005061_8008990406_S5	73G					yes			MT-DLOOP	0.819	NA	NA	NA	NA	NA	NA	NA	NA	NA	NA	NA	NA	NA	NA	NA	NA	NA	NA	NA	NA	NA	aging brains, POLG/PEO & control muscle, buccal cell, thyroid & prostate tumors	Y	Y	NA	NA	rs869183622	NA	0.0551181	-1.3362	NA	NA	NA
2052690574-005061_8008990406_S5	16519C					yes			MT-DLOOP	1.0	NA	NA	NA	NA	NA	NA	NA	NA	NA	NA	NA	NA	NA	NA	NA	NA	NA	NA	NA	NA	NA	glioblastoma, gastric, lung, ovarian, prostate tumors	Y	Y	NA	NA	rs3937033	NA	0.015748	-0.286465	NA	NA	NA
2052690574-005061_8008990406_S5	13276A			yes			T2b3_151	+	MT-ND5	0.0616	1	V314M	0.6153	NA	0.41	NA	low pathogenicity	0.407	No Info	No Info	No Info	No Info	No Info	No Info	No Info	No Info	No Info	No Info	NA	NA	NA	NA	NA	NA	NA	NA	NA	NA	1.0	5.42472	0.8146	Y	Y
2052690574-005061_8008990406_S5	4312C			yes			T2b3_151	+	MT-TI	0.0622	NA	NA	NA	54;II;TL;C;N	NA	NA	NA	NA	NA	NA	NA	NA	NA	NA	NA	NA	NA	NA	NA	NA	NA	NA	NA	NA	NA	NA	NA	http://mamit-trna.u-strasbg.fr/mutations.asp?idAA=16	0.992126	2.36271	0.7588	Y	Y
2052690574-005061_8008990406_S5	10664C			yes			T2b3_151	+	MT-ND4L	0.0626	3	syn	0.0	NA	NA	NA	NA	NA	NA	NA	NA	NA	NA	NA	NA	NA	NA	NA	NA	NA	NA	NA	NA	NA	NA	NA	NA	NA	0.0	-2.73469	0.8062	Y	Y
2052690574-005061_8008990406_S5	16230A			yes			T2b3_151	+	MT-DLOOP	0.0651	NA	NA	NA	NA	NA	NA	NA	NA	NA	NA	NA	NA	NA	NA	NA	NA	NA	NA	NA	NA	NA	NA	NA	NA	NA	NA	NA	NA	0.0	-0.631717	0.7654	Y	Y
2052690574-005061_8008990406_S5	930A	1.0	0.757;1.0	yes		yes	T2b3_151	+	MT-RNR1	0.085	NA	NA	NA	NA	NA	NA	NA	NA	NA	NA	NA	NA	NA	NA	NA	NA	NA	NA	MM / HCM+renal tubular dysfunction	Y	Y	NA	NA	NA	NA	NA	rs41352944	NA	0.0	-6.75817	0.0131	Y	Y
2052690574-005061_8008990406_S5	10915T			yes			T2b3_151	+	MT-ND4	0.0916	3	syn	0.0527	NA	NA	NA	NA	NA	NA	NA	NA	NA	NA	NA	NA	NA	NA	NA	NA	NA	NA	NA	NA	NA	NA	NA	NA	NA	0.0	-9.0342	0.7865	Y	Y
2052690574-005061_8008990406_S5	7146A			yes			T2b3_151	+	MT-CO1	0.105	1	A415T	10000.0	NA	0.31	NA	low pathogenicity	0.309	No Info	No Info	No Info	No Info	No Info	No Info	No Info	No Info	No Info	No Info	NA	NA	NA	NA	NA	NA	NA	NA	NA	NA	0.0	-0.401543	0.7002	Y	Y
2052690574-005061_8008990406_S5	8468C			yes			T2b3_151	+	MT-ATP8	0.106	1	syn	0.0114	NA	NA	NA	NA	NA	NA	NA	NA	NA	NA	NA	NA	NA	NA	NA	NA	NA	NA	NA	NA	NA	NA	NA	NA	NA	0.0	-7.17677	0.7039	Y	Y
2052690574-005061_8008990406_S5	13506C			yes			T2b3_151	+	MT-ND5	0.107	3	syn	0.0	NA	NA	NA	NA	NA	NA	NA	NA	NA	NA	NA	NA	NA	NA	NA	NA	NA	NA	NA	NA	NA	NA	NA	NA	NA	0.00787402	-1.08576	0.7273	Y	Y
2052690574-005061_8008990406_S5	8655C			yes			T2b3_151	+	MT-ATP6	0.108	3	syn	0.0049	NA	NA	NA	NA	NA	NA	NA	NA	NA	NA	NA	NA	NA	NA	NA	NA	NA	NA	NA	NA	NA	NA	NA	NA	NA	0.0	-10.2077	0.7306	Y	Y
2052690574-005061_8008990406_S5	2885T	0.015	0.007;0.032	yes			T2b3_151	+	MT-RNR2	0.108	NA	NA	NA	NA	NA	NA	NA	NA	NA	NA	NA	NA	NA	NA	NA	NA	NA	NA	NA	NA	NA	NA	NA	NA	NA	NA	NA	NA	0.0	-1.27543	0.7803	Y	Y
2052690574-005061_8008990406_S5	247G			yes			T2b3_151	+	MT-DLOOP	0.109	NA	NA	NA	NA	NA	NA	NA	NA	NA	NA	NA	NA	NA	NA	NA	NA	NA	NA	NA	NA	NA	NA	NA	NA	NA	NA	NA	NA	0.00787402	0.471118	0.6707	Y	Y
2052690574-005061_8008990406_S5	2758G	0.026	0.019;0.036	yes			T2b3_151	+	MT-RNR2	0.109	NA	NA	NA	NA	NA	NA	NA	NA	NA	NA	NA	NA	NA	NA	NA	NA	NA	NA	NA	NA	NA	NA	NA	NA	NA	NA	NA	NA	0.0	-1.66991	0.7695	Y	Y
2052690574-005061_8008990406_S5	10688G	0.083	0.066;0.104	yes			T2b3_151	+	MT-ND4L	0.109	3	syn	0.0182	NA	NA	NA	NA	NA	NA	NA	NA	NA	NA	NA	NA	NA	NA	NA	NA	NA	NA	NA	NA	NA	NA	NA	NA	NA	0.0	-10.2008	0.7454	Y	Y
2052690574-005061_8008990406_S5	11812G	0.95	0.764;0.991	yes		yes	T2b3_151	+	MT-ND4	0.1093112	3.0	syn	0.0	NA	NA	NA	NA	NA	NA	NA	NA	NA	NA	NA	NA	NA	NA	NA	NA	NA	NA	NA	NA	NA	NA	NA	NA	NA	0.0	-0.173551	NA	NA	NA
2052690574-005061_8008990406_S5	10810T	0.058	0.036;0.092	yes			T2b3_151	+	MT-ND4	0.113	3	syn	0.004	NA	NA	NA	NA	NA	NA	NA	NA	NA	NA	NA	NA	NA	NA	NA	NA	NA	NA	NA	NA	NA	NA	NA	NA	NA	0.0	-5.53447	0.7408	Y	Y
2052690574-005061_8008990406_S5	16187C			yes			T2b3_151	+	MT-DLOOP	0.124	NA	NA	NA	NA	NA	NA	NA	NA	NA	NA	NA	NA	NA	NA	NA	NA	NA	NA	NA	NA	NA	NA	NA	NA	NA	NA	NA	NA	0.0	-4.32091	0.5032	Y	Y
2052690574-005061_8008990406_S5	14233G	1.0	0.757;1.0	yes		yes	T2b3_151	+	MT-ND6	0.133	3	syn	0.0043	NA	NA	NA	NA	NA	NA	NA	NA	NA	NA	NA	NA	NA	NA	NA	NA	NA	NA	NA	NA	NA	NA	NA	rs3915611	NA	0.0	-0.163118	0.0168	Y	Y
2052690574-005061_8008990406_S5	5147A	1.0	0.806;1.0	yes		yes	T2b3_151	+	MT-ND2	0.145	3	syn	0.0	NA	NA	NA	NA	NA	NA	NA	NA	NA	NA	NA	NA	NA	NA	NA	NA	NA	NA	NA	NA	NA	NA	NA	rs367778601	NA	0.0	-6.46956	0.033	Y	Y
2052690574-005061_8008990406_S5	8697A	1.0	0.839;1.0	yes		yes	T2b3_151	+	MT-ATP6	0.164	3	syn	0.0005	NA	NA	NA	NA	NA	NA	NA	NA	NA	NA	NA	NA	NA	NA	NA	NA	NA	NA	thyroid tumor	Y	N	NA	NA	NA	NA	0.0	-0.881732	0.0222	Y	Y
2052690574-005061_8008990406_S5	10463C	1.0	0.965;1.0	yes		yes	T2b3_151	+	MT-TR	0.168	NA	NA	NA	67;II;AS;U;N	NA	NA	NA	NA	NA	NA	NA	NA	NA	NA	NA	NA	NA	NA	NA	NA	NA	endometrium tumor	Y	N	NA	NA	rs28358279	http://mamit-trna.u-strasbg.fr/mutations.asp?idAA=9	0.0	-1.56812	0.021	Y	Y
2052690574-005061_8008990406_S5	4917G	1.0	0.851;1.0	yes		yes	T2b3_151	+	MT-ND2	0.169	1	N150D	0.9575	NA	0.27	NA	low pathogenicity	0.628	benign	0.129	benign	0.06	Disease	0.663	Neutral	0.423	Neutral	0.243	LHON / Insulin Resistance / AMD / NRTI-PN	Y	N	NA	NA	NA	Leber's optic atrophy	https://www.omim.org/entry/516001#0001	rs28357980	NA	0.496063	2.12976	0.0197	Y	Y
2052690574-005061_8008990406_S5	7256C			yes			T2b3_151	+	MT-CO1	0.1705853	3.0	syn	0.0647	NA	NA	NA	NA	NA	NA	NA	NA	NA	NA	NA	NA	NA	NA	NA	NA	NA	NA	NA	NA	NA	NA	NA	NA	NA	0.0	-2.39326	NA	NA	NA
2052690574-005061_8008990406_S5	15928A	1.0	0.676;1.0	yes		yes	T2b3_151	+	MT-TT	0.174	NA	NA	NA	43;II;CS;G;N	NA	0.0	NA	NA	NA	NA	NA	NA	NA	NA	NA	NA	NA	NA	Multiple Sclerosis / idiopathic repeat miscarriage / AD protection	Y	N	NA	NA	NA	Neoplasm of ovary	NA	rs527236198	http://mamit-trna.u-strasbg.fr/mutations.asp?idAA=24	0.0	-1.32344	0.0234	Y	Y
2052690574-005061_8008990406_S5	13368A	1.0	0.839;1.0	yes		yes	T2b3_151	+	MT-ND5	0.177	3	syn	0.0026	NA	NA	NA	NA	NA	NA	NA	NA	NA	NA	NA	NA	NA	NA	NA	NA	NA	NA	NA	NA	NA	NA	NA	rs3899498	NA	0.0	-12.1575	0.023	Y	Y
2052690574-005061_8008990406_S5	15607G	1.0	0.824;1.0	yes		yes	T2b3_151	+	MT-CYB	0.182	3	syn	NA	NA	NA	NA	NA	NA	NA	NA	NA	NA	NA	NA	NA	NA	NA	NA	NA	NA	NA	breast tumor	.	.	Neoplasm of ovary	NA	rs193302996	NA	1.0	4.6715	0.0214	Y	Y
2052690574-005061_8008990406_S5	4104A			yes			T2b3_151	+	MT-ND1	0.183	3	syn	0.0025	NA	NA	NA	NA	NA	NA	NA	NA	NA	NA	NA	NA	NA	NA	NA	NA	NA	NA	NA	NA	NA	NA	NA	NA	NA	0.0	-5.55742	0.6158	Y	Y
2052690574-005061_8008990406_S5	13650C			yes			T2b3_151	+	MT-ND5	0.186	3	syn	0.0	NA	NA	NA	NA	NA	NA	NA	NA	NA	NA	NA	NA	NA	NA	NA	NA	NA	NA	NA	NA	NA	NA	NA	NA	NA	0.0	-14.9254	0.6431	Y	Y
2052690574-005061_8008990406_S5	3594C			yes			T2b3_151	+	MT-ND1	0.186	3	syn	0.0083	NA	NA	NA	NA	NA	NA	NA	NA	NA	NA	NA	NA	NA	NA	NA	NA	NA	NA	NA	NA	NA	NA	NA	NA	NA	0.0	-7.68272	0.6864	Y	Y
2052690574-005061_8008990406_S5	1018G			yes			T2b3_151	+	MT-RNR1	0.194	NA	NA	NA	NA	NA	NA	NA	NA	NA	NA	NA	NA	NA	NA	NA	NA	NA	NA	MMC	Y	Y	NA	NA	NA	NA	NA	NA	NA	0.0	-0.251811	0.6751	Y	Y
2052690574-005061_8008990406_S5	14905A	1.0	0.796;1.0	yes		yes	T2b3_151	+	MT-CYB	0.197	3	syn	NA	NA	NA	NA	NA	NA	NA	NA	NA	NA	NA	NA	NA	NA	NA	NA	NA	NA	NA	NA	NA	NA	Familial cancer of breast	NA	rs193302983	NA	0.212598	-0.407835	0.0556	Y	Y
2052690574-005061_8008990406_S5	7521G			yes			T2b3_151	+	MT-TD	0.197	NA	NA	NA	4;II;AS;G;N	NA	NA	NA	NA	NA	NA	NA	NA	NA	NA	NA	NA	NA	NA	NA	NA	NA	NA	NA	NA	NA	NA	NA	http://mamit-trna.u-strasbg.fr/mutations.asp?idAA=11	0.0	-0.634858	0.5564	Y	Y
2052690574-005061_8008990406_S5	13105A			yes			T2b3_151	+	MT-ND5	0.202	1	V257I	0.7693	NA	0.35	NA	low pathogenicity	0.35	No Info	No Info	No Info	No Info	No Info	No Info	No Info	No Info	No Info	No Info	NA	NA	NA	NA	NA	NA	NA	NA	NA	NA	0.0787402	0.570913	0.6712	Y	Y
2052690574-005061_8008990406_S5	1888A	1.0	0.722;1.0	yes		yes	T2b3_151	+	MT-RNR2	0.203	NA	NA	NA	NA	NA	NA	NA	NA	NA	NA	NA	NA	NA	NA	NA	NA	NA	NA	Combined OXPHOS defects & severe multisystem disorder	N	Y	NA	NA	NA	NA	NA	rs2897260	NA	0.0	-0.093378	0.0344	Y	Y
2052690574-005061_8008990406_S5	769G			yes			T2b3_151	+	MT-RNR1	0.205	NA	NA	NA	NA	NA	NA	NA	NA	NA	NA	NA	NA	NA	NA	NA	NA	NA	NA	found in 1 HCM patient	Y	N	NA	NA	NA	NA	NA	NA	NA	0.0	-9.64989	0.6446	Y	Y
2052690574-005061_8008990406_S5	825T			yes			T2b3_151	+	MT-RNR1	0.214	NA	NA	NA	NA	NA	NA	NA	NA	NA	NA	NA	NA	NA	NA	NA	NA	NA	NA	DEAF	N	Y	NA	NA	NA	NA	NA	NA	NA	1.0	2.27844	0.7551	Y	Y
2052690574-005061_8008990406_S5	16294T	1.0	0.796;1.0	yes		yes	T2b3_151	+	MT-DLOOP	0.314	NA	NA	NA	NA	NA	NA	NA	NA	NA	NA	NA	NA	NA	NA	NA	NA	NA	NA	NA	NA	NA	NA	NA	NA	NA	NA	rs140662392	NA	0.0	-4.78206	0.0852	Y	Y
2052690574-005061_8008990406_S5	16278C			yes			T2b3_151	+	MT-DLOOP	0.321	NA	NA	NA	NA	NA	NA	NA	NA	NA	NA	NA	NA	NA	NA	NA	NA	NA	NA	NA	NA	NA	NA	NA	NA	NA	NA	NA	NA	0.0	-0.401142	0.612	Y	Y
2052690574-005061_8008990406_S5	11251G	1.0	0.816;1.0	yes		yes	T2b3_151	+	MT-ND4	0.323	3	syn	0.0	NA	NA	NA	NA	NA	NA	NA	NA	NA	NA	NA	NA	NA	NA	NA	NA	NA	NA	NA	NA	NA	NA	NA	rs869096886	NA	0.0	-7.16768	0.0388	Y	Y
2052690574-005061_8008990406_S5	11914G			yes			T2b3_151	+	MT-ND4	0.326	3	syn	0.0035	NA	NA	NA	NA	NA	NA	NA	NA	NA	NA	NA	NA	NA	NA	NA	NA	NA	NA	NA	NA	NA	NA	NA	NA	NA	0.0	-3.28126	0.6665	Y	Y
2052690574-005061_8008990406_S5	4216C	1.0	0.816;1.0	yes		yes	T2b3_151	+	MT-ND1	0.351	1	Y304H	10000.0	NA	0.11	NA	low pathogenicity	0.611	benign	0.0	benign	0.006	Neutral	0.112	Neutral	0.16	Neutral	0.074	LHON / Insulin Resistance /possible adaptive high altitude variant	Y	N	acute leukemia platelets, leukocytes & bone marrow	Y	Y	Leber's optic atrophy	https://www.omim.org/entry/516000#0003	rs1599988	NA	0.976378	0.0332598	0.0429	Y	Y
2052690574-005061_8008990406_S5	16126C	1.0	0.867;1.0	yes		yes	T2b3_151	+	MT-DLOOP	0.406	NA	NA	NA	NA	NA	NA	NA	NA	NA	NA	NA	NA	NA	NA	NA	NA	NA	NA	NA	NA	NA	glioblastoma, normal tissues	Y	N	NA	NA	rs147029798	NA	0.0	-0.631717	0.0797	Y	Y
2052690574-005061_8008990406_S5	709A	1.0	0.871;1.0	yes		yes	T2b3_151	+	MT-RNR1	0.449	NA	NA	NA	NA	NA	NA	NA	NA	NA	NA	NA	NA	NA	NA	NA	NA	NA	NA	Possibly LVNC-associated	Y	N	NA	NA	NA	NA	NA	rs2853517	NA	0.0	-3.86646	0.2211	Y	Y
2052690574-005061_8008990406_S5	16129G			yes			T2b3_151	+	MT-DLOOP	0.475	NA	NA	NA	NA	NA	NA	NA	NA	NA	NA	NA	NA	NA	NA	NA	NA	NA	NA	NA	NA	NA	NA	NA	NA	NA	NA	NA	NA	0.0	-2.70689	0.6128	Y	Y
2052690574-005061_8008990406_S5	15452A	1.0	0.772;1.0	yes		yes	T2b3_151	+	MT-CYB	0.648	1	L236I	NA	NA	0.15	NA	low pathogenicity	0.098	benign	0.029	benign	0.244	Neutral	0.357	Neutral	0.261	Neutral	0.043	NA	NA	NA	NA	NA	NA	Neoplasm of ovary	NA	rs193302994	NA	0.0	-2.70689	0.038	Y	Y
2052690574-005061_8008990406_S5	16311T			yes			T2b3_151	+	MT-DLOOP	0.649	NA	NA	NA	NA	NA	NA	NA	NA	NA	NA	NA	NA	NA	NA	NA	NA	NA	NA	NA	NA	NA	NA	NA	NA	NA	NA	NA	NA	0.0	-1.78459	0.6302	Y	Y
2052690574-005061_8008990406_S5	195T			yes			T2b3_151	+	MT-DLOOP	0.677	NA	NA	NA	NA	NA	NA	NA	NA	NA	NA	NA	NA	NA	NA	NA	NA	NA	NA	NA	NA	NA	NA	NA	NA	NA	NA	NA	NA	0.0	0.109654	0.5601	Y	Y
2052690574-005061_8008990406_S5	146T			yes			T2b3_151	+	MT-DLOOP	0.683	NA	NA	NA	NA	NA	NA	NA	NA	NA	NA	NA	NA	NA	NA	NA	NA	NA	NA	NA	NA	NA	NA	NA	NA	NA	NA	NA	NA	0.0	-2.23987	0.5981	Y	Y
2052690574-005061_8008990406_S5	9540T			yes			T2b3_151	+	MT-CO3	0.769	1	syn	0.0383	NA	NA	NA	NA	NA	NA	NA	NA	NA	NA	NA	NA	NA	NA	NA	NA	NA	NA	NA	NA	NA	NA	NA	NA	NA	0.0	-2.03475	0.411	Y	Y
2052690574-005061_8008990406_S5	10873T	0.034	0.012;0.079	yes			T2b3_151	+	MT-ND4	0.769	3	syn	0.0023	NA	NA	NA	NA	NA	NA	NA	NA	NA	NA	NA	NA	NA	NA	NA	NA	NA	NA	NA	NA	NA	NA	NA	NA	NA	0.0	-0.868173	0.4013	Y	Y
2052690574-005061_8008990406_S5	8701A			yes			T2b3_151	+	MT-ATP6	0.771	1	A59T	10000.0	NA	0.14	NA	low pathogenicity	0.14	No Info	No Info	No Info	No Info	No Info	No Info	No Info	No Info	No Info	No Info	NA	NA	NA	NA	NA	NA	NA	NA	NA	NA	0.0	-5.77787	0.4065	Y	Y
2052690574-005061_8008990406_S5	152T			yes			T2b3_151	+	MT-DLOOP	0.793	NA	NA	NA	NA	NA	NA	NA	NA	NA	NA	NA	NA	NA	NA	NA	NA	NA	NA	NA	NA	NA	NA	NA	NA	NA	NA	NA	NA	0.0	-1.8784	0.5029	Y	Y
2052690574-005061_8008990406_S5	16189T			yes			T2b3_151	+	MT-DLOOP	0.799	NA	NA	NA	NA	NA	NA	NA	NA	NA	NA	NA	NA	NA	NA	NA	NA	NA	NA	NA	NA	NA	NA	NA	NA	NA	NA	NA	NA	0.0	-12.391	0.3792	Y	Y
2052690574-005061_8008990406_S5	16223C			yes			T2b3_151	+	MT-DLOOP	0.887	NA	NA	NA	NA	NA	NA	NA	NA	NA	NA	NA	NA	NA	NA	NA	NA	NA	NA	NA	NA	NA	NA	NA	NA	NA	NA	NA	NA	0.0	-3.39861	0.3012	Y	Y
2052690574-005061_8008990406_S5	12705C			yes			T2b3_151	+	MT-ND5	0.8917413	3.0	syn	0.0043	NA	NA	NA	NA	NA	NA	NA	NA	NA	NA	NA	NA	NA	NA	NA	NA	NA	NA	NA	NA	NA	NA	NA	NA	NA	0.0	-3.91081	NA	NA	NA
2052690574-005061_8008990406_S5	10398A			yes			T2b3_151	+	MT-ND3	0.923	1	A114T	10000.0	NA	0.17	NA	low pathogenicity	0.17	No Info	No Info	No Info	No Info	No Info	No Info	No Info	No Info	No Info	No Info	Invasive Breast Cancer risk factor; AD; PD; BD lithium response; Type 2 DM	Y	N	NA	NA	NA	NA	NA	NA	NA	0.0	-0.401543	0.3531	Y	Y
